last_name, first_name,player_id,year,player_age,p_game,p_formatted_ip,p_total_pa,p_ab,p_total_hits,p_single,p_double,p_triple,p_home_run,p_strikeout,p_walk,p_k_percent,p_bb_percent,batting_avg,slg_percent,on_base_percent,on_base_plus_slg,woba,
Wainwright, Adam,425794,2021,40,32,206.1,828,765,168,111,34,2,21,174,50,21.0,6.0,.220,.352,.274,.626,.273,
Greinke, Zack,425844,2021,38,30,171.0,697,652,164,105,29,0,30,120,36,17.2,5.2,.252,.434,.290,.724,.309,
Morton, Charlie,450203,2021,38,33,185.2,756,669,136,100,17,3,16,216,58,28.6,7.7,.203,.309,.279,.589,.264,
Scherzer, Max,453286,2021,37,30,179.1,693,644,119,73,21,2,23,236,36,34.1,5.2,.185,.331,.238,.569,.248,
Miley, Wade,489119,2021,35,28,163.0,690,627,166,112,35,2,17,125,50,18.1,7.2,.265,.408,.317,.726,.317,
Gibson, Kyle,502043,2021,34,31,182.0,754,675,158,107,32,2,17,155,64,20.6,8.5,.234,.363,.305,.668,.293,
Darvish, Yu,506433,2021,35,30,166.1,681,623,138,70,35,5,28,199,44,29.2,6.5,.222,.429,.279,.708,.301,
Anderson, Tyler,542881,2021,32,31,167.0,703,648,170,107,30,6,27,134,38,19.1,5.4,.262,.452,.297,.749,.319,
Cole, Gerrit,543037,2021,31,30,181.1,726,677,151,99,27,1,24,243,41,33.5,5.6,.223,.372,.267,.639,.276,
DeSclafani, Anthony,543101,2021,31,31,167.2,676,626,141,98,22,2,19,152,42,22.5,6.2,.225,.358,.274,.631,.276,
Eovaldi, Nathan,543135,2021,31,32,182.1,764,719,182,109,54,4,15,195,35,25.5,4.6,.253,.402,.293,.695,.298,
Hendricks, Kyle,543294,2021,32,32,181.0,785,719,200,121,43,5,31,131,44,16.7,5.6,.278,.481,.327,.809,.345,
Lyles, Jordan,543475,2021,31,32,180.0,769,697,194,119,34,3,38,146,56,19.0,7.3,.278,.499,.334,.833,.354,
Ryu, Hyun Jin,547943,2021,34,31,169.0,701,658,170,105,38,3,24,143,37,20.4,5.3,.258,.435,.298,.733,.313,
Wheeler, Zack,554430,2021,31,32,213.1,849,785,169,121,29,3,16,247,46,29.1,5.4,.215,.321,.263,.584,.257,
Corbin, Patrick,571578,2021,32,31,171.2,751,672,192,119,32,4,37,143,60,19.0,8.0,.286,.510,.340,.850,.362,
Keuchel, Dallas,572971,2021,33,32,162.0,720,652,189,125,34,5,25,95,59,13.2,8.2,.290,.472,.354,.827,.356,
Stroman, Marcus,573186,2021,30,33,179.0,730,665,161,118,23,3,17,158,44,21.6,6.0,.242,.362,.290,.653,.284,
Gausman, Kevin,592332,2021,30,33,192.0,775,715,150,97,29,4,20,227,50,29.3,6.5,.210,.345,.263,.609,.265,
Ray, Robbie,592662,2021,30,32,193.1,773,714,150,83,31,3,33,248,52,32.1,6.7,.210,.401,.266,.667,.287,
Montas, Frankie,593423,2021,28,32,187.0,778,707,164,108,33,3,20,207,57,26.6,7.3,.232,.372,.293,.665,.290,
Musgrove, Joe,605397,2021,29,32,181.1,748,667,142,89,27,4,22,203,54,27.1,7.2,.213,.364,.286,.650,.284,
Nola, Aaron,605400,2021,28,32,180.2,749,696,165,105,29,5,26,223,39,29.8,5.2,.237,.405,.284,.690,.297,
Woodruff, Brandon,605540,2021,28,30,179.1,708,650,130,93,16,3,18,211,43,29.8,6.1,.200,.317,.254,.571,.252,
Fried, Max,608331,2021,27,28,165.2,667,612,139,94,28,2,15,158,41,23.7,6.1,.227,.353,.280,.633,.278,
Giolito, Lucas,608337,2021,27,31,178.2,720,662,145,87,27,4,27,201,52,27.9,7.2,.219,.394,.276,.671,.288,
Irvin, Cole,608344,2021,27,32,178.1,768,710,195,136,35,1,23,125,42,16.3,5.5,.275,.424,.320,.744,.323,
Marquez, German,608566,2021,26,32,180.0,756,682,165,108,35,1,21,176,64,23.3,8.5,.242,.389,.308,.697,.303,
Buehler, Walker,621111,2021,27,33,207.2,815,747,149,92,36,2,19,212,52,26.0,6.4,.199,.329,.254,.583,.255,
McCullers Jr., Lance,621121,2021,28,28,162.1,684,596,122,80,26,3,13,185,76,27.0,11.1,.205,.324,.304,.628,.283,
Berrios, Jose,621244,2021,27,32,192.0,781,714,159,94,40,3,22,204,45,26.1,5.8,.223,.380,.280,.660,.286,
Castillo, Luis,622491,2021,29,33,187.2,803,711,181,121,34,7,19,192,75,23.9,9.3,.255,.402,.328,.730,.318,
Flexen, Chris,623167,2021,27,31,179.2,741,690,185,127,34,5,19,125,40,16.9,5.4,.268,.414,.309,.724,.311,
Urias, Julio,628711,2021,25,32,185.2,745,691,151,99,33,0,19,195,38,26.2,5.1,.219,.349,.263,.612,.266,
Manaea, Sean,640455,2021,29,32,179.1,754,702,179,119,33,2,25,194,41,25.7,5.4,.255,.415,.304,.718,.310,
Mahle, Tyler,641816,2021,27,33,180.0,759,674,158,100,31,3,24,210,64,27.7,8.4,.234,.396,.306,.702,.308,
Alcantara, Sandy,645261,2021,26,33,205.2,837,768,171,107,40,3,21,201,50,24.0,6.0,.223,.365,.276,.641,.279,
Cease, Dylan,656302,2021,26,32,165.2,708,623,139,94,22,3,20,226,68,31.9,9.6,.223,.364,.305,.669,.295,
Burnes, Corbin,669203,2021,27,28,167.0,657,612,123,96,17,3,7,234,34,35.6,5.2,.201,.273,.248,.521,.232,
Dickey, R.A.,285079,2017,43,31,190.0,815,726,193,116,46,5,26,136,67,16.7,8.2,.266,.450,.331,.782,.334,
Lackey, John,407793,2017,39,31,170.2,731,654,165,97,30,2,36,149,53,20.4,7.3,.252,.469,.315,.784,.331,
Greinke, Zack,425844,2017,34,32,202.1,801,749,172,108,35,4,25,215,45,26.8,5.6,.230,.387,.271,.658,.282,
Santana, Ervin,429722,2017,35,33,211.1,864,786,177,113,28,5,31,167,61,19.3,7.1,.225,.392,.285,.677,.291,
Verlander, Justin,434378,2017,34,33,206.0,849,768,170,112,29,2,27,219,72,25.8,8.5,.221,.370,.290,.660,.285,
Hammel, Jason,434628,2017,35,32,180.1,804,737,209,146,35,2,26,145,48,18.0,6.0,.284,.442,.331,.773,.329,
Nolasco, Ricky,445060,2017,35,33,181.0,787,716,205,117,52,1,35,143,58,18.2,7.4,.286,.508,.338,.846,.357,
Kluber, Corey,446372,2017,31,29,203.2,777,732,141,89,31,0,21,265,36,34.1,4.6,.193,.321,.234,.555,.240,
Vargas, Jason,450306,2017,34,32,179.2,756,685,181,117,33,4,27,134,58,17.7,7.7,.264,.442,.323,.765,.326,
Lester, Jon,452657,2017,33,32,180.2,763,691,179,116,34,3,26,180,60,23.6,7.9,.259,.430,.318,.748,.320,
Scherzer, Max,453286,2017,33,31,200.2,780,709,126,72,30,2,22,268,55,34.4,7.1,.178,.319,.246,.565,.247,
Richard, Clayton,453385,2017,34,32,197.1,858,780,240,160,48,8,24,151,59,17.6,6.9,.308,.482,.358,.840,.357,
Arrieta, Jake,453562,2017,31,30,168.1,707,637,150,89,33,5,23,163,55,23.1,7.8,.235,.411,.304,.715,.306,
Lynn, Lance,458681,2017,30,33,186.1,776,676,151,96,21,7,27,153,78,19.7,10.1,.223,.395,.308,.703,.305,
Gonzalez, Gio,461829,2017,32,32,201.0,827,731,158,106,31,0,21,188,79,22.7,9.6,.216,.345,.295,.640,.281,
Estrada, Marco,462136,2017,34,33,186.0,806,726,186,102,49,4,31,176,71,21.8,8.8,.256,.463,.321,.784,.333,
Nova, Ivan,467100,2017,30,31,187.0,785,732,203,129,40,5,29,131,36,16.7,4.6,.277,.464,.313,.778,.330,
Chacin, Jhoulys,468504,2017,29,32,180.1,765,667,157,105,31,2,19,153,72,20.0,9.4,.235,.373,.318,.691,.302,
Carrasco, Carlos,471911,2017,30,32,200.0,798,735,173,106,44,2,21,226,46,28.3,5.8,.235,.386,.287,.673,.289,
Hellickson, Jeremy,476451,2017,30,30,164.0,695,628,160,81,41,3,35,96,47,13.8,6.8,.255,.497,.309,.806,.338,
Kershaw, Clayton,477132,2017,29,27,175.0,679,641,136,91,20,2,23,202,30,29.7,4.4,.212,.357,.244,.602,.258,
Cashner, Andrew,488768,2017,31,28,166.2,704,624,156,115,25,1,15,86,64,12.2,9.1,.250,.365,.325,.691,.304,
Quintana, Jose,500779,2017,28,32,188.2,790,715,170,107,36,4,23,207,61,26.2,7.7,.238,.396,.305,.701,.301,
Archer, Chris,502042,2017,29,34,201.0,852,784,193,125,37,4,27,249,60,29.2,7.0,.246,.407,.303,.710,.306,
Cobb, Alex,502171,2017,30,29,179.1,742,689,175,116,36,1,22,128,44,17.3,5.9,.254,.405,.303,.708,.304,
Samardzija, Jeff,502188,2017,32,32,207.2,847,801,204,122,40,12,30,205,32,24.2,3.8,.255,.447,.286,.733,.309,
Leake, Mike,502190,2017,30,31,186.0,782,724,201,137,42,2,20,130,37,16.6,4.7,.278,.424,.316,.740,.316,
Darvish, Yu,506433,2017,31,31,186.2,766,697,159,96,35,1,27,209,58,27.3,7.6,.228,.397,.291,.689,.296,
Moore, Matt,519043,2017,28,32,174.1,790,706,200,120,44,9,27,148,67,18.7,8.5,.283,.486,.347,.833,.354,
Nelson, Jimmy,519076,2017,28,29,175.1,728,665,171,126,28,1,16,199,48,27.3,6.6,.257,.374,.313,.688,.301,
Pomeranz, Drew,519141,2017,29,32,173.2,740,659,166,117,27,3,19,174,69,23.5,9.3,.252,.388,.323,.711,.310,
Porcello, Rick,519144,2017,29,33,203.1,885,824,236,141,54,3,38,181,48,20.5,5.4,.286,.498,.328,.825,.348,
Sale, Chris,519242,2017,28,32,214.1,851,794,165,104,34,3,24,308,43,36.2,5.1,.208,.349,.254,.603,.260,
Perez, Martin,527048,2017,26,32,185.0,811,735,221,157,39,2,23,115,63,14.2,7.8,.301,.453,.358,.811,.349,
Teheran, Julio,527054,2017,26,32,188.1,812,723,186,119,31,5,31,151,72,18.6,8.9,.257,.443,.326,.769,.330,
Cole, Gerrit,543037,2017,27,33,203.0,849,784,199,126,36,6,31,196,55,23.1,6.5,.254,.434,.304,.738,.315,
Gray, Sonny,543243,2017,28,27,162.1,678,615,139,88,30,2,19,153,57,22.6,8.4,.226,.374,.294,.667,.290,
Roark, Tanner,543699,2017,31,32,181.1,776,701,178,120,31,4,23,166,64,21.4,8.2,.254,.408,.320,.728,.313,
Strasburg, Stephen,544931,2017,29,28,175.1,701,641,131,86,31,1,13,204,47,29.1,6.7,.204,.317,.264,.581,.252,
Bauer, Trevor,545333,2017,26,32,176.1,749,680,181,112,41,3,25,196,60,26.2,8.0,.266,.446,.328,.774,.332,
Tanaka, Masahiro,547888,2017,29,30,178.1,752,700,180,103,42,0,35,194,41,25.8,5.5,.257,.467,.303,.770,.326,
Urena, Jose,570632,2017,26,34,169.2,724,638,152,96,25,5,26,113,64,15.6,8.8,.238,.415,.318,.733,.316,
Corbin, Patrick,571578,2017,28,33,189.2,826,753,208,128,47,7,26,178,61,21.5,7.4,.276,.461,.329,.790,.333,
Straily, Dan,573185,2017,29,33,181.2,769,687,176,99,41,5,31,170,60,22.1,7.8,.256,.466,.313,.779,.330,
Stroman, Marcus,573186,2017,26,33,201.0,834,762,201,146,33,1,21,164,62,19.7,7.4,.264,.392,.323,.715,.310,
Gausman, Kevin,592332,2017,26,34,186.2,816,736,208,138,39,2,29,179,71,21.9,8.7,.283,.459,.348,.807,.346,
Ray, Robbie,592662,2017,26,28,162.0,665,582,116,73,18,2,23,218,71,32.8,10.7,.199,.356,.289,.644,.282,
Martinez, Carlos,593372,2017,26,32,205.0,858,772,179,114,34,4,27,217,71,25.3,8.3,.232,.391,.301,.692,.299,
deGrom, Jacob,594798,2017,29,31,201.1,827,758,180,124,25,3,28,239,59,28.9,7.1,.237,.389,.291,.681,.291,
Bundy, Dylan,605164,2017,25,28,169.2,698,633,152,91,34,1,26,152,51,21.8,7.3,.240,.420,.301,.721,.308,
Davies, Zach,605200,2017,24,33,191.1,817,741,204,141,36,7,20,124,55,15.2,6.7,.275,.424,.328,.752,.323,
Fulmer, Michael,605242,2017,24,25,164.2,676,617,150,112,23,2,13,114,40,16.9,5.9,.243,.350,.293,.643,.279,
Nola, Aaron,605400,2017,24,27,168.0,693,640,154,103,29,4,18,184,49,26.6,7.1,.241,.383,.296,.679,.293,
Perdomo, Luis,606131,2017,24,29,163.2,716,638,182,126,39,0,17,118,65,16.5,9.1,.285,.426,.356,.782,.339,
Wacha, Michael,608379,2017,26,30,165.2,701,636,170,117,33,3,17,158,55,22.5,7.8,.267,.409,.325,.734,.316,
Marquez, German,608566,2017,22,29,162.0,701,634,174,105,37,7,25,147,49,21.0,7.0,.274,.473,.330,.803,.341,
Blach, Ty,621389,2017,27,34,163.2,692,633,179,120,36,6,17,73,43,10.5,6.2,.283,.439,.322,.761,.326,
Severino, Luis,622663,2017,23,31,193.1,783,720,150,99,30,0,21,230,51,29.4,6.5,.208,.338,.264,.602,.263,
Greinke, Zack,425844,2018,35,33,207.2,839,784,181,114,37,2,28,199,43,23.7,5.1,.231,.390,.274,.664,.286,
Hamels, Cole,430935,2018,35,32,190.2,806,715,176,113,29,5,29,188,65,23.3,8.1,.246,.422,.323,.745,.325,
Verlander, Justin,434378,2018,35,34,214.0,833,781,156,92,31,5,28,290,37,34.8,4.4,.200,.360,.241,.601,.259,
Kluber, Corey,446372,2018,32,33,215.0,842,801,179,118,32,4,25,222,34,26.4,4.0,.223,.367,.257,.624,.270,
Shields, James,448306,2018,37,34,204.2,871,775,190,113,41,2,34,154,78,17.7,9.0,.245,.435,.318,.753,.326,
Morton, Charlie,450203,2018,35,30,167.0,695,609,130,82,27,3,18,201,64,28.9,9.2,.213,.356,.302,.658,.293,
Lester, Jon,452657,2018,34,32,181.2,761,681,174,120,27,3,24,149,64,19.6,8.4,.256,.410,.321,.730,.319,
LeBlanc, Wade,453281,2018,34,32,162.0,662,614,151,94,32,1,24,130,40,19.6,6.0,.246,.419,.293,.712,.306,
Scherzer, Max,453286,2018,34,33,220.2,866,797,150,86,36,5,23,300,51,34.6,5.9,.188,.332,.246,.578,.252,
Arrieta, Jake,453562,2018,32,31,172.2,724,649,165,109,34,1,21,138,57,19.1,7.9,.254,.407,.316,.723,.315,
Price, David,456034,2018,33,30,176.0,722,657,151,94,28,4,25,177,50,24.5,6.9,.230,.399,.292,.691,.300,
Happ, J.A.,457918,2018,36,31,177.2,733,668,150,95,27,1,27,193,51,26.3,7.0,.225,.389,.286,.676,.295,
Gonzalez, Gio,461829,2018,33,32,171.0,746,652,167,109,40,1,17,148,80,19.8,10.7,.256,.399,.334,.733,.320,
Chacin, Jhoulys,468504,2018,30,35,192.2,796,697,153,98,32,5,18,156,71,19.6,8.9,.220,.357,.295,.652,.287,
Carrasco, Carlos,471911,2018,31,32,192.0,784,726,173,115,31,6,21,231,43,29.5,5.5,.238,.384,.283,.667,.288,
Quintana, Jose,500779,2018,29,32,174.1,739,658,162,102,32,3,25,158,68,21.4,9.2,.246,.418,.315,.733,.319,
Gibson, Kyle,502043,2018,31,32,196.2,826,733,177,121,30,3,23,179,79,21.7,9.6,.241,.385,.315,.699,.306,
Leake, Mike,502190,2018,31,31,185.2,784,739,207,135,44,5,23,119,34,15.2,4.3,.280,.447,.315,.762,.326,
Holland, Derek,502706,2018,32,36,171.1,727,640,154,90,42,3,19,169,67,23.2,9.2,.241,.405,.309,.714,.309,
Porcello, Rick,519144,2018,30,33,191.1,808,735,177,118,29,3,27,190,48,23.5,5.9,.241,.399,.298,.697,.303,
Teheran, Julio,527054,2018,27,31,175.2,724,623,122,67,25,4,26,162,84,22.4,11.6,.196,.374,.297,.671,.295,
Anderson, Tyler,542881,2018,29,32,176.0,737,665,165,96,35,4,30,164,59,22.3,8.0,.248,.448,.308,.756,.323,
Cole, Gerrit,543037,2018,28,32,200.1,799,723,143,86,36,2,19,276,64,34.5,8.0,.198,.332,.268,.600,.265,
Hendricks, Kyle,543294,2018,29,33,199.0,812,745,184,126,31,5,22,161,44,19.8,5.4,.247,.391,.292,.682,.295,
Odorizzi, Jake,543606,2018,28,32,164.1,711,625,151,85,41,5,20,162,70,22.8,9.8,.242,.419,.322,.741,.322,
Roark, Tanner,543699,2018,32,31,180.1,760,690,181,122,32,3,24,146,50,19.2,6.6,.262,.422,.317,.739,.319,
Bauer, Trevor,545333,2018,27,28,175.1,717,645,134,93,30,2,9,221,57,30.8,7.9,.208,.302,.279,.581,.260,
Wheeler, Zack,554430,2018,28,29,182.1,744,668,150,115,20,1,14,179,55,24.1,7.4,.225,.320,.288,.608,.272,
Urena, Jose,570632,2018,27,31,174.0,712,640,155,106,28,2,19,130,51,18.3,7.2,.242,.381,.306,.687,.298,
Boyd, Matthew,571510,2018,27,31,170.1,709,639,146,85,33,1,27,159,51,22.4,7.2,.228,.410,.293,.703,.305,
Corbin, Patrick,571578,2018,29,33,200.0,800,742,162,104,43,0,15,246,48,30.8,6.0,.218,.337,.269,.606,.265,
Fiers, Mike,571666,2018,33,31,172.0,714,666,166,99,32,3,32,139,37,19.5,5.2,.249,.450,.296,.746,.319,
Heaney, Andrew,571760,2018,27,30,180.0,749,689,171,110,31,3,27,180,45,24.0,6.0,.248,.419,.299,.719,.310,
Mikolas, Miles,571945,2018,30,32,200.2,808,760,186,142,24,4,16,146,29,18.1,3.6,.245,.350,.275,.625,.271,
Keuchel, Dallas,572971,2018,30,34,204.2,874,802,211,144,48,1,18,153,58,17.5,6.6,.263,.393,.310,.703,.305,
Foltynewicz, Mike,592314,2018,27,31,183.0,744,666,130,83,25,5,17,202,68,27.2,9.1,.195,.324,.274,.599,.265,
Gausman, Kevin,592332,2018,27,31,183.2,776,715,189,121,39,3,26,148,50,19.1,6.4,.264,.436,.317,.753,.324,
Gray, Jon,592351,2018,27,31,172.1,743,677,180,113,36,4,27,183,52,24.6,7.0,.266,.451,.320,.771,.332,
Taillon, Jameson,592791,2018,27,32,191.0,785,727,179,123,31,5,20,179,46,22.8,5.9,.246,.385,.294,.679,.294,
Williams, Trevor,592866,2018,26,31,170.2,701,632,146,95,33,3,15,126,55,18.0,7.8,.231,.364,.292,.656,.287,
deGrom, Jacob,594798,2018,30,32,217.0,835,776,152,112,27,3,10,269,46,32.2,5.5,.196,.277,.243,.520,.230,
Gonzales, Marco,594835,2018,26,29,166.2,686,643,172,114,39,2,17,145,32,21.1,4.7,.267,.414,.306,.720,.311,
Junis, Jakob,596001,2018,26,30,177.0,758,688,182,119,27,4,32,164,43,21.6,5.7,.265,.455,.317,.772,.331,
Pivetta, Nick,601713,2018,25,33,164.0,694,624,163,112,25,2,24,188,51,27.1,7.3,.261,.423,.316,.739,.322,
Bundy, Dylan,605164,2018,26,31,171.2,750,685,188,104,39,4,41,184,54,24.5,7.2,.274,.523,.331,.853,.363,
Clevinger, Mike,605182,2018,28,32,200.0,810,737,164,104,36,3,21,207,67,25.6,8.3,.223,.365,.290,.655,.288,
Nola, Aaron,605400,2018,25,33,212.1,831,756,149,99,31,2,17,224,58,27.0,7.0,.197,.311,.258,.568,.251,
Snell, Blake,605483,2018,26,31,180.2,700,630,112,68,27,1,16,221,64,31.6,9.1,.178,.300,.253,.553,.246,
Freeland, Kyle,607536,2018,25,33,202.1,844,757,182,133,26,6,17,173,70,20.5,8.3,.240,.358,.306,.664,.292,
Giolito, Lucas,608337,2018,24,32,173.1,775,664,166,95,40,4,27,125,90,16.1,11.6,.250,.444,.350,.794,.345,
Marquez, German,608566,2018,23,33,196.0,817,742,179,118,30,7,24,230,57,28.2,7.0,.241,.398,.299,.696,.300,
Berrios, Jose,621244,2018,24,32,192.1,797,717,159,102,31,1,25,202,61,25.3,7.7,.222,.372,.292,.665,.292,
Castillo, Luis,622491,2018,26,31,169.2,708,645,158,94,36,0,28,165,49,23.3,6.9,.245,.431,.299,.730,.314,
Severino, Luis,622663,2018,24,32,191.1,780,726,173,112,39,3,19,220,46,28.2,5.9,.238,.379,.287,.666,.290,
Lopez, Reynaldo,625643,2018,24,32,188.2,799,705,165,102,34,4,25,151,75,18.9,9.4,.234,.400,.313,.713,.310,
Godley, Zack,643327,2018,28,33,178.1,791,682,177,125,32,4,16,185,81,23.4,10.2,.260,.389,.341,.730,.322,
Newcomb, Sean,656794,2018,25,31,164.0,696,607,137,94,21,4,18,160,81,23.0,11.6,.226,.362,.315,.677,.300,
Wainwright, Adam,425794,2019,38,31,171.2,745,662,181,118,38,3,22,153,64,20.5,8.6,.273,.440,.340,.779,.330,
Greinke, Zack,425844,2019,36,33,208.2,810,767,175,115,37,2,21,187,30,23.1,3.7,.228,.364,.258,.622,.263,
Verlander, Justin,434378,2019,36,34,223.0,847,796,137,66,28,7,36,300,42,35.4,5.0,.172,.361,.218,.579,.243,
Sanchez, Anibal,434671,2019,35,30,166.0,712,647,153,90,38,3,22,134,58,18.8,8.1,.236,.406,.302,.708,.296,
Morton, Charlie,450203,2019,36,33,194.2,790,717,154,100,33,6,15,240,57,30.4,7.2,.215,.340,.282,.623,.270,
Lester, Jon,452657,2019,35,31,171.2,764,698,205,139,35,5,26,165,52,21.6,6.8,.294,.470,.343,.813,.344,
Scherzer, Max,453286,2019,35,27,172.1,693,650,144,83,43,0,18,243,33,35.1,4.8,.222,.371,.266,.636,.269,
Bailey, Homer,456701,2019,33,31,163.1,696,632,162,114,24,3,21,149,53,21.4,7.6,.256,.403,.315,.718,.307,
Lynn, Lance,458681,2019,32,33,208.1,875,801,195,126,42,6,21,246,59,28.1,6.7,.243,.390,.299,.689,.294,
Nova, Ivan,467100,2019,32,34,187.0,806,743,225,151,44,0,30,114,47,14.1,5.8,.303,.483,.349,.832,.351,
Anderson, Brett,474463,2019,31,31,176.0,743,682,181,126,33,2,20,90,49,12.1,6.6,.265,.408,.315,.723,.308,
Kershaw, Clayton,477132,2019,31,29,178.1,706,654,145,91,23,3,28,189,41,26.8,5.8,.222,.394,.266,.661,.280,
Miley, Wade,489119,2019,33,33,167.1,720,646,164,114,25,2,23,140,61,19.4,8.5,.254,.406,.319,.725,.311,
Quintana, Jose,500779,2019,30,32,171.0,745,678,191,126,43,2,20,152,46,20.4,6.2,.282,.440,.321,.760,.321,
Minor, Mike,501985,2019,32,32,208.1,863,779,190,132,28,0,30,200,68,23.2,7.9,.244,.395,.307,.702,.301,
Samardzija, Jeff,502188,2019,34,32,181.1,740,677,152,91,24,9,28,140,49,18.9,6.6,.225,.411,.280,.690,.289,
Leake, Mike,502190,2019,32,32,197.0,835,793,227,138,45,3,41,127,27,15.2,3.2,.286,.506,.316,.822,.341,
Darvish, Yu,506433,2019,33,31,178.2,731,657,140,80,23,4,33,229,56,31.3,7.7,.213,.411,.283,.694,.294,
Bumgarner, Madison,518516,2019,30,34,207.2,844,780,191,115,41,5,30,203,43,24.1,5.1,.245,.426,.289,.715,.300,
Kelly, Merrill,518876,2019,31,32,183.1,777,709,184,113,38,4,29,158,57,20.3,7.3,.260,.447,.313,.760,.318,
Porcello, Rick,519144,2019,31,32,174.1,768,712,198,119,43,5,31,143,45,18.6,5.9,.278,.483,.324,.807,.338,
Perez, Martin,527048,2019,28,32,165.1,737,659,184,125,36,0,23,135,67,18.3,9.1,.279,.439,.345,.783,.334,
Teheran, Julio,527054,2019,28,33,174.2,754,645,148,91,33,2,22,162,83,21.5,11.0,.229,.389,.325,.714,.310,
Cole, Gerrit,543037,2019,29,33,212.1,817,762,142,82,30,1,29,326,48,39.9,5.9,.186,.343,.236,.579,.246,
DeSclafani, Anthony,543101,2019,29,31,166.2,696,635,151,93,28,1,29,167,49,24.0,7.0,.238,.422,.293,.715,.300,
Gray, Sonny,543243,2019,30,31,175.1,708,622,122,80,21,4,17,205,68,29.0,9.6,.196,.325,.278,.603,.265,
Hendricks, Kyle,543294,2019,30,30,177.0,730,675,168,108,39,2,19,150,32,20.5,4.4,.249,.397,.286,.683,.290,
Roark, Tanner,543699,2019,33,31,165.1,722,655,180,113,36,3,28,158,51,21.9,7.1,.275,.467,.338,.805,.340,
Strasburg, Stephen,544931,2019,31,33,209.0,841,768,161,107,25,5,24,251,56,29.8,6.7,.210,.349,.270,.619,.265,
Bauer, Trevor,545333,2019,28,34,213.0,911,800,184,100,43,7,34,253,82,27.8,9.0,.230,.429,.313,.742,.316,
Tanaka, Masahiro,547888,2019,31,32,182.0,759,713,186,111,43,4,28,149,40,19.6,5.3,.261,.450,.300,.751,.314,
Ryu, Hyun Jin,547943,2019,32,29,182.2,723,685,160,108,35,0,17,163,24,22.5,3.3,.234,.359,.260,.619,.263,
Wheeler, Zack,554430,2019,29,31,195.1,828,760,196,140,33,1,22,195,50,23.6,6.0,.258,.391,.300,.690,.294,
Boyd, Matthew,571510,2019,28,32,185.1,788,721,178,101,36,2,39,238,50,30.2,6.3,.247,.465,.299,.764,.320,
Corbin, Patrick,571578,2019,30,33,202.0,835,746,169,107,37,1,24,238,70,28.5,8.4,.227,.375,.290,.665,.285,
Fiers, Mike,571666,2019,34,33,184.2,754,683,166,115,19,2,30,126,53,16.7,7.0,.243,.408,.302,.711,.303,
Mikolas, Miles,571945,2019,31,32,184.0,764,710,193,127,33,6,27,144,32,18.8,4.2,.272,.449,.310,.760,.319,
Stroman, Marcus,573186,2019,28,32,184.1,774,711,183,131,32,2,18,159,58,20.5,7.5,.257,.384,.313,.697,.299,
Ray, Robbie,592662,2019,28,33,174.1,747,642,150,82,33,5,30,235,84,31.5,11.2,.234,.441,.320,.761,.322,
Syndergaard, Noah,592789,2019,27,32,197.2,825,758,194,129,37,4,24,202,50,24.5,6.1,.256,.410,.303,.713,.301,
Rodriguez, Eduardo,593958,2019,26,34,203.1,859,770,195,139,30,2,24,213,75,24.8,8.7,.253,.391,.322,.713,.307,
deGrom, Jacob,594798,2019,31,32,204.0,804,745,154,106,28,1,19,255,44,31.7,5.5,.207,.323,.255,.578,.250,
Gonzales, Marco,594835,2019,27,34,203.0,866,794,210,134,50,3,23,147,56,17.0,6.5,.264,.422,.314,.736,.311,
Junis, Jakob,596001,2019,27,31,175.1,771,696,192,122,37,2,31,164,58,21.3,7.5,.276,.468,.339,.807,.340,
Musgrove, Joe,605397,2019,27,32,170.1,718,662,168,94,48,5,21,157,39,21.9,5.4,.254,.437,.301,.737,.309,
Nola, Aaron,605400,2019,26,34,202.1,852,755,176,112,34,3,27,229,80,26.9,9.4,.233,.393,.313,.707,.304,
Fried, Max,608331,2019,25,33,165.2,702,644,174,120,33,0,21,173,47,24.6,6.7,.270,.419,.322,.741,.315,
Giolito, Lucas,608337,2019,25,29,176.2,705,640,131,75,28,4,24,228,57,32.3,8.1,.205,.373,.272,.646,.275,
Marquez, German,608566,2019,24,28,174.0,721,671,174,114,27,4,29,175,35,24.3,4.9,.259,.441,.297,.738,.311,
Eflin, Zach,621107,2019,25,32,163.1,705,642,172,110,34,0,28,129,48,18.3,6.8,.268,.452,.321,.772,.325,
Buehler, Walker,621111,2019,25,30,182.1,737,685,153,99,29,5,20,215,37,29.2,5.0,.223,.368,.267,.635,.270,
Berrios, Jose,621244,2019,25,32,200.1,842,774,194,130,35,3,26,195,51,23.2,6.1,.251,.404,.302,.706,.300,
Castillo, Luis,622491,2019,27,32,190.2,781,688,139,87,29,1,22,226,79,28.9,10.1,.202,.343,.288,.631,.277,
Lopez, Reynaldo,625643,2019,25,33,184.0,809,729,203,121,44,3,35,169,65,20.9,8.0,.278,.491,.341,.832,.349,
Hudson, Dakota,641712,2019,25,33,174.2,757,652,160,101,37,0,22,136,86,18.0,11.4,.245,.403,.337,.740,.316,
Keller, Brad,641745,2019,24,28,165.1,709,624,154,110,19,10,15,122,70,17.2,9.9,.247,.381,.329,.710,.307,
Alcantara, Sandy,645261,2019,24,32,197.1,838,743,179,111,43,2,23,151,81,18.0,9.7,.241,.397,.320,.717,.308,
Soroka, Mike,647336,2019,22,29,174.2,701,647,153,116,21,2,14,142,41,20.3,5.8,.236,.340,.287,.627,.272,
Flaherty, Jack,656427,2019,24,33,196.1,772,704,135,85,24,1,25,231,55,29.9,7.1,.192,.335,.255,.590,.254,
Lucchesi, Joey,664192,2019,26,30,163.2,686,619,144,86,32,3,23,158,56,23.0,8.2,.233,.405,.294,.700,.298,
Bieber, Shane,669456,2019,24,34,214.1,859,810,186,117,37,1,31,259,40,30.2,4.7,.230,.393,.270,.663,.280,
Wainwright, Adam,425794,2020,39,10,65.2,262,244,54,36,9,0,9,54,15,20.6,5.7,.221,.369,.271,.640,.277,
Greinke, Zack,425844,2020,37,12,67.0,273,262,67,42,17,2,6,67,9,24.5,3.3,.256,.405,.282,.687,.293,
Lester, Jon,452657,2020,36,12,61.0,265,244,64,39,13,1,11,42,17,15.8,6.4,.262,.459,.317,.776,.333,
Scherzer, Max,453286,2020,36,12,67.1,295,269,70,47,12,1,10,92,23,31.2,7.8,.260,.424,.319,.742,.319,
Cueto, Johnny,456501,2020,34,12,63.1,277,246,61,38,12,2,9,56,26,20.2,9.4,.248,.423,.325,.748,.324,
Lynn, Lance,458681,2020,33,13,84.0,344,311,64,35,15,1,13,89,25,25.9,7.3,.206,.386,.276,.662,.287,
Carrasco, Carlos,471911,2020,33,12,68.0,280,249,55,36,11,0,8,82,27,29.3,9.6,.221,.361,.300,.661,.292,
Gibson, Kyle,502043,2020,33,12,67.1,301,265,73,50,9,2,12,58,30,19.3,10.0,.275,.460,.362,.823,.356,
Darvish, Yu,506433,2020,34,12,76.0,297,280,59,40,12,2,5,93,14,31.3,4.7,.211,.321,.253,.574,.250,
Perez, Martin,527048,2020,29,12,62.0,262,229,55,31,16,0,8,46,28,17.6,10.7,.240,.415,.328,.743,.325,
Cole, Gerrit,543037,2020,30,12,73.0,288,269,53,25,14,0,14,94,17,32.6,5.9,.197,.405,.250,.655,.279,
Hendricks, Kyle,543294,2020,31,12,81.1,315,304,73,53,10,0,10,64,8,20.3,2.5,.240,.372,.260,.632,.269,
Bauer, Trevor,545333,2020,29,11,73.0,278,258,41,25,4,3,9,100,17,36.0,6.1,.159,.302,.219,.522,.227,
Ryu, Hyun Jin,547943,2020,33,12,67.0,275,256,60,42,12,0,6,72,17,26.2,6.2,.234,.352,.284,.635,.279,
Wheeler, Zack,554430,2020,30,11,71.0,288,264,67,48,16,0,3,53,16,18.4,5.6,.254,.348,.313,.661,.291,
Boyd, Matthew,571510,2020,29,12,60.1,271,241,67,33,17,2,15,60,22,22.1,8.1,.278,.552,.347,.899,.378,
Corbin, Patrick,571578,2020,31,11,65.2,295,276,85,57,16,2,10,60,18,20.3,6.1,.308,.489,.349,.838,.357,
Heaney, Andrew,571760,2020,29,12,66.2,279,256,63,39,14,1,9,70,19,25.1,6.8,.246,.414,.301,.715,.306,
Keuchel, Dallas,572971,2020,32,11,63.1,257,238,52,41,8,1,2,42,17,16.3,6.6,.218,.286,.268,.554,.249,
deGrom, Jacob,594798,2020,32,12,68.0,268,248,47,28,12,0,7,104,18,38.8,6.7,.190,.323,.243,.565,.246,
Gonzales, Marco,594835,2020,28,11,69.2,277,266,59,38,13,0,8,64,7,23.1,2.5,.222,.361,.253,.614,.265,
Bassitt, Chris,605135,2020,31,11,63.0,261,240,56,35,15,0,6,55,17,21.1,6.5,.233,.371,.287,.658,.287,
Bundy, Dylan,605164,2020,28,11,65.2,267,245,51,30,14,2,5,72,17,27.0,6.4,.208,.343,.270,.613,.268,
Davies, Zach,605200,2020,27,12,69.1,276,255,55,37,8,1,9,63,19,22.8,6.9,.216,.361,.268,.629,.273,
Nola, Aaron,605400,2020,27,12,71.1,289,263,54,33,12,0,9,96,23,33.2,8.0,.205,.354,.273,.627,.272,
Woodruff, Brandon,605540,2020,27,13,73.2,293,270,55,37,8,1,9,91,18,31.1,6.1,.204,.341,.263,.604,.264,
Freeland, Kyle,607536,2020,27,13,70.2,304,277,77,52,16,0,9,46,23,15.1,7.6,.278,.433,.339,.772,.335,
Giolito, Lucas,608337,2020,26,12,72.1,288,255,47,31,8,0,8,97,28,33.7,9.7,.184,.310,.267,.577,.257,
Marquez, German,608566,2020,25,13,81.2,344,316,78,53,16,3,6,73,25,21.2,7.3,.247,.373,.299,.673,.292,
Mills, Alec,621219,2020,29,11,62.1,252,230,53,29,11,0,13,46,19,18.3,7.5,.230,.448,.294,.741,.316,
Berrios, Jose,621244,2020,26,12,63.0,271,240,57,39,9,1,8,68,26,25.1,9.6,.238,.383,.317,.701,.307,
Castillo, Luis,622491,2020,28,12,70.0,292,266,62,38,18,1,5,89,24,30.5,8.2,.233,.365,.298,.663,.290,
Senzatela, Antonio,622608,2020,25,12,73.1,303,279,71,49,10,3,9,41,18,13.5,5.9,.254,.409,.307,.716,.309,
Maeda, Kenta,628317,2020,32,11,66.2,248,238,40,26,4,1,9,80,10,32.3,4.0,.168,.307,.202,.508,.219,
Civale, Aaron,650644,2020,25,12,74.0,312,291,82,51,17,3,11,69,16,22.1,5.1,.282,.474,.324,.798,.339,
Lamet, Dinelson,659275,2020,28,12,69.0,267,242,39,25,9,0,5,93,20,34.8,7.5,.161,.260,.236,.496,.225,
Singer, Brady,663903,2020,24,12,64.1,263,236,52,37,6,1,8,61,23,23.2,8.7,.220,.356,.293,.649,.285,
Valdez, Framber,664285,2020,27,11,70.2,288,263,63,49,6,3,5,76,16,26.4,5.6,.240,.342,.292,.634,.279,
Gallen, Zac,668678,2020,25,12,72.0,291,262,55,40,6,0,9,82,25,28.2,8.6,.210,.336,.282,.618,.275,
Bieber, Shane,669456,2020,25,12,77.1,297,275,46,33,6,0,7,122,21,41.1,7.1,.167,.265,.229,.494,.222,
Colon, Bartolo,112526,2015,42,33,194.2,815,771,217,149,41,2,25,136,24,16.7,2.9,.281,.437,.301,.738,.316,
Burnett, A.J.,150359,2015,38,26,164.0,699,633,174,134,24,5,11,143,49,20.5,7.0,.275,.381,.335,.715,.315,
Buehrle, Mark,279824,2015,36,32,198.2,827,768,214,140,46,6,22,91,33,11.0,4.0,.279,.440,.307,.747,.321,
Sabathia, CC,282332,2015,35,29,167.1,726,659,188,134,22,4,28,137,50,18.9,6.9,.285,.458,.336,.794,.343,
Dickey, R.A.,285079,2015,41,33,214.1,884,798,195,125,37,8,25,126,61,14.3,6.9,.244,.405,.302,.707,.307,
Lackey, John,407793,2015,37,33,218.0,896,824,211,156,32,2,21,175,53,19.5,5.9,.256,.376,.299,.675,.295,
Lewis, Colby,407890,2015,36,33,204.2,861,793,211,137,44,4,26,142,42,16.5,4.9,.266,.430,.307,.737,.317,
Harang, Aaron,421685,2015,37,29,172.1,748,681,189,121,31,11,26,108,51,14.4,6.8,.278,.470,.329,.799,.345,
Greinke, Zack,425844,2015,32,32,222.2,843,790,148,109,22,3,14,200,40,23.7,4.7,.187,.276,.229,.505,.225,
Haren, Dan,429717,2015,35,32,187.1,768,709,174,97,44,2,31,132,38,17.2,4.9,.245,.444,.286,.731,.315,
Simon, Alfredo,430580,2015,34,31,187.0,820,729,201,120,47,10,24,117,68,14.3,8.3,.276,.466,.338,.804,.348,
Hamels, Cole,430935,2015,32,32,212.1,880,800,190,131,35,2,22,215,62,24.4,7.0,.238,.369,.298,.666,.294,
Kazmir, Scott,431148,2015,31,31,183.0,763,684,162,111,28,3,20,155,59,20.3,7.7,.237,.374,.301,.676,.298,
Danks, John,433579,2015,30,30,177.2,768,695,195,119,47,5,24,124,56,16.1,7.3,.281,.466,.331,.797,.344,
Hernandez, Felix,433587,2015,29,31,201.2,826,750,180,125,27,5,23,191,58,23.1,7.0,.240,.381,.299,.680,.299,
Liriano, Francisco,434538,2015,32,31,186.2,773,695,155,112,25,3,15,205,70,26.5,9.1,.223,.332,.298,.630,.282,
Jimenez, Ubaldo,434622,2015,31,32,184.0,791,707,182,128,29,5,20,168,68,21.2,8.6,.257,.397,.330,.727,.320,
Hammel, Jason,434628,2015,33,31,170.2,710,654,158,91,37,7,23,172,40,24.2,5.6,.242,.425,.287,.712,.305,
Kluber, Corey,446372,2015,29,32,222.0,886,819,189,120,45,2,22,245,45,27.7,5.1,.231,.371,.277,.648,.283,
Shields, James,448306,2015,34,33,202.1,860,763,189,107,43,6,33,216,81,25.1,9.4,.248,.450,.324,.774,.335,
Volquez, Edinson,450172,2015,32,34,200.1,850,758,190,134,36,4,16,155,72,18.2,8.5,.251,.372,.318,.690,.305,
Gallardo, Yovani,451596,2015,29,33,184.1,793,720,193,137,33,8,15,121,68,15.3,8.6,.268,.399,.330,.729,.320,
Lester, Jon,452657,2015,31,32,205.0,828,764,183,119,42,6,16,207,47,25.0,5.7,.240,.373,.286,.659,.289,
Kennedy, Ian,453178,2015,31,30,168.1,713,644,166,85,39,11,31,174,52,24.4,7.3,.258,.497,.316,.812,.347,
Scherzer, Max,453286,2015,31,33,228.2,899,847,176,106,40,3,27,276,34,30.7,3.8,.208,.358,.239,.597,.259,
Arrieta, Jake,453562,2015,29,33,229.0,870,811,150,104,32,4,10,236,48,27.1,5.5,.185,.271,.234,.506,.225,
Price, David,456034,2015,30,32,220.1,888,826,190,129,40,4,17,225,47,25.3,5.3,.230,.350,.270,.620,.270,
Cueto, Johnny,456501,2015,29,32,212.0,866,803,194,124,44,5,21,176,46,20.3,5.3,.242,.387,.286,.674,.294,
Happ, J.A.,457918,2015,33,32,172.0,717,668,173,118,38,1,16,151,45,21.1,6.3,.259,.391,.307,.698,.304,
Lynn, Lance,458681,2015,28,31,175.1,751,667,172,122,33,4,13,167,68,22.2,9.1,.258,.378,.326,.704,.311,
Pelfrey, Mike,460059,2015,31,30,164.2,714,651,198,150,36,1,11,86,45,12.0,6.3,.304,.413,.357,.770,.339,
Gonzalez, Gio,461829,2015,30,31,175.2,758,673,181,134,31,8,8,169,69,22.3,9.1,.269,.374,.335,.710,.312,
Estrada, Marco,462136,2015,32,34,181.0,725,659,134,81,24,5,24,131,55,18.1,7.6,.203,.364,.268,.632,.276,
Carrasco, Carlos,471911,2015,28,30,183.2,730,675,154,100,31,5,18,216,43,29.6,5.9,.228,.369,.277,.646,.281,
Anderson, Brett,474463,2015,27,31,180.1,750,697,194,147,26,3,18,116,46,15.5,6.1,.278,.402,.323,.724,.316,
Ross, Tyson,475115,2015,28,33,196.0,823,725,172,129,28,6,9,212,84,25.8,10.2,.237,.330,.321,.650,.292,
Niese, Jonathon,477003,2015,29,33,176.2,770,686,192,136,33,3,20,113,55,14.7,7.1,.280,.424,.332,.757,.333,
Kershaw, Clayton,477132,2015,27,33,232.2,890,839,163,120,26,2,15,301,42,33.8,4.7,.194,.284,.236,.520,.231,
Cashner, Andrew,488768,2015,29,31,184.2,804,718,200,135,40,6,19,165,66,20.5,8.2,.279,.430,.338,.769,.335,
Miley, Wade,489119,2015,29,32,193.2,831,758,201,127,51,6,17,147,64,17.7,7.7,.265,.416,.324,.739,.323,
Quintana, Jose,500779,2015,26,32,206.1,862,802,218,148,47,7,16,177,44,20.5,5.1,.272,.408,.313,.721,.312,
Tillman, Chris,501957,2015,27,31,173.0,741,660,176,111,42,3,20,120,64,16.2,8.6,.267,.430,.331,.761,.331,
Archer, Chris,502042,2015,27,34,212.0,868,795,175,125,31,0,19,252,66,29.0,7.6,.220,.331,.281,.612,.272,
Gibson, Kyle,502043,2015,28,32,194.2,821,737,186,127,41,0,18,145,65,17.7,7.9,.252,.381,.314,.696,.304,
Locke, Jeff,502046,2015,28,30,168.1,736,654,179,130,32,2,15,129,60,17.5,8.2,.274,.398,.334,.732,.321,
Samardzija, Jeff,502188,2015,30,32,214.0,910,836,228,150,40,9,29,163,49,17.9,5.4,.273,.446,.318,.764,.330,
Leake, Mike,502190,2015,28,30,192.0,778,717,174,113,36,3,22,119,49,15.3,6.3,.243,.393,.290,.684,.296,
Santiago, Hector,502327,2015,28,33,180.2,776,687,156,87,37,3,29,162,71,20.9,9.1,.227,.416,.305,.722,.313,
Salazar, Danny,517593,2015,25,30,185.0,757,690,156,98,28,7,23,195,53,25.8,7.0,.226,.387,.285,.672,.293,
Bumgarner, Madison,518516,2015,26,32,218.1,869,814,181,125,30,5,21,234,39,26.9,4.5,.222,.349,.261,.610,.266,
Harvey, Matt,518774,2015,26,29,189.1,755,703,156,109,26,3,18,188,37,24.9,4.9,.222,.344,.262,.606,.266,
Heston, Chris,518790,2015,27,31,177.2,746,667,169,111,36,6,16,141,64,18.9,8.6,.253,.397,.330,.727,.320,
Nelson, Jimmy,519076,2015,26,30,177.1,752,663,163,111,32,2,18,148,65,19.7,8.6,.246,.382,.320,.702,.309,
Porcello, Rick,519144,2015,27,28,172.0,737,682,196,134,35,2,25,149,38,20.2,5.2,.287,.455,.331,.786,.340,
Sale, Chris,519242,2015,26,31,208.2,854,794,185,127,32,3,23,274,42,32.1,4.9,.233,.368,.281,.649,.285,
Zimmermann, Jordan,519455,2015,29,33,201.2,831,774,204,153,25,2,24,164,39,19.7,4.7,.264,.394,.302,.696,.304,
De La Rosa, Rubby,523989,2015,26,32,188.2,809,729,193,118,42,1,32,150,63,18.5,7.8,.265,.457,.321,.778,.336,
Teheran, Julio,527054,2015,24,33,200.2,843,748,189,127,32,3,27,171,73,20.3,8.7,.253,.412,.321,.733,.322,
Ramirez, Erasmo,541640,2015,25,34,163.1,666,614,145,100,28,1,16,126,40,18.9,6.0,.236,.363,.291,.654,.289,
Cole, Gerrit,543037,2015,25,32,208.0,832,765,183,136,31,5,11,202,44,24.3,5.3,.239,.336,.285,.621,.274,
DeSclafani, Anthony,543101,2015,25,31,184.2,785,710,194,131,43,3,17,151,55,19.2,7.0,.273,.414,.324,.738,.321,
Gray, Sonny,543243,2015,26,31,208.0,831,765,166,125,23,1,17,169,59,20.3,7.1,.217,.316,.273,.590,.262,
Hendricks, Kyle,543294,2015,26,32,180.0,739,681,166,110,36,3,17,167,43,22.6,5.8,.244,.380,.294,.674,.296,
Koehler, Tom,543408,2015,29,32,187.1,800,706,180,119,36,3,22,137,77,17.1,9.6,.255,.408,.329,.737,.323,
McHugh, Collin,543521,2015,28,32,203.2,859,788,207,147,39,2,19,171,53,19.9,6.2,.263,.390,.313,.703,.308,
Odorizzi, Jake,543606,2015,25,28,169.1,700,644,149,87,36,8,18,150,46,21.4,6.6,.231,.396,.283,.679,.295,
Bauer, Trevor,545333,2015,24,31,176.0,744,655,152,96,29,4,23,170,79,22.8,10.6,.232,.394,.317,.711,.314,
Ventura, Yordano,570649,2015,24,28,163.1,693,621,154,107,27,6,14,156,58,22.5,8.4,.248,.378,.319,.697,.307,
Fiers, Mike,571666,2015,30,31,180.1,761,680,162,102,29,7,24,180,64,23.7,8.4,.238,.407,.305,.712,.308,
Miller, Shelby,571946,2015,25,33,205.1,860,769,183,124,41,5,13,171,73,19.9,8.5,.238,.355,.305,.660,.290,
Richards, Garrett,572070,2015,27,32,207.1,865,768,181,126,35,0,20,176,76,20.3,8.8,.236,.359,.303,.662,.293,
Keuchel, Dallas,572971,2015,27,33,232.0,911,854,185,138,28,2,17,216,51,23.7,5.6,.217,.314,.261,.575,.254,
Walker, Taijuan,592836,2015,23,29,169.2,706,648,163,107,31,0,25,157,40,22.2,5.7,.252,.415,.300,.715,.311,
Martinez, Carlos,593372,2015,24,31,179.2,755,671,168,120,31,4,13,184,63,24.4,8.3,.250,.367,.317,.683,.302,
deGrom, Jacob,594798,2015,27,30,191.0,751,694,149,109,24,0,16,205,38,27.3,5.1,.215,.318,.252,.570,.251,
Wacha, Michael,608379,2015,24,30,181.1,762,687,162,109,31,3,19,153,58,20.1,7.6,.236,.373,.297,.669,.294,
Chen, Wei-Yin,612672,2015,30,31,191.1,792,733,192,110,50,4,28,153,41,19.3,5.2,.262,.456,.301,.756,.325,
Wood, Alex,622072,2015,24,32,189.2,801,720,198,149,29,5,15,139,59,17.4,7.4,.275,.392,.326,.718,.316,
Colon, Bartolo,112526,2016,43,34,191.2,791,745,200,134,36,6,24,128,32,16.2,4.0,.268,.430,.297,.727,.311,
Sabathia, CC,282332,2016,36,30,179.2,768,687,172,122,26,2,22,152,65,19.8,8.5,.250,.390,.320,.710,.312,
Dickey, R.A.,285079,2016,42,30,169.2,728,655,169,97,39,5,28,126,63,17.3,8.7,.258,.461,.327,.788,.338,
Lackey, John,407793,2016,38,29,188.1,748,670,146,96,25,2,23,180,53,24.1,7.1,.218,.364,.278,.642,.280,
Wainwright, Adam,425794,2016,35,33,198.2,847,766,220,146,48,4,22,161,59,19.0,7.0,.287,.446,.335,.782,.335,
Santana, Ervin,429722,2016,34,30,181.1,748,685,168,113,36,0,19,149,53,19.9,7.1,.245,.381,.301,.682,.296,
Hamels, Cole,430935,2016,33,32,200.2,848,760,185,130,30,1,24,200,77,23.6,9.1,.243,.380,.318,.699,.307,
Verlander, Justin,434378,2016,33,34,227.2,903,827,171,102,35,4,30,254,57,28.1,6.3,.207,.368,.261,.629,.272,
Liriano, Francisco,434538,2016,33,31,163.0,731,624,157,104,23,4,26,168,85,23.0,11.6,.252,.426,.343,.770,.336,
Hammel, Jason,434628,2016,34,30,166.2,692,620,148,88,31,4,25,144,53,20.8,7.7,.239,.423,.303,.726,.315,
Nolasco, Ricky,445060,2016,34,32,197.2,817,756,202,131,41,4,26,144,44,17.6,5.4,.267,.435,.307,.742,.318,
Kluber, Corey,446372,2016,30,32,215.0,860,788,170,106,39,3,22,227,57,26.4,6.6,.216,.357,.272,.629,.275,
Shields, James,448306,2016,35,33,181.2,822,723,208,121,41,6,40,135,82,16.4,10.0,.288,.527,.363,.890,.377,
Garcia, Jaime,448802,2016,30,32,171.2,741,668,179,112,40,1,26,150,57,20.2,7.7,.268,.448,.328,.776,.334,
Volquez, Edinson,450172,2016,33,34,189.1,853,758,217,150,41,3,23,139,76,16.3,8.9,.286,.439,.352,.791,.343,
Weaver, Jered,450308,2016,34,31,178.0,767,704,209,131,38,3,37,103,51,13.4,6.6,.297,.517,.344,.861,.365,
Fister, Doug,450729,2016,32,32,180.1,779,706,195,124,44,3,24,115,62,14.8,8.0,.276,.449,.339,.788,.340,
Lester, Jon,452657,2016,32,32,202.2,796,730,154,107,25,1,21,197,52,24.7,6.5,.211,.334,.266,.601,.264,
Kennedy, Ian,453178,2016,32,33,195.2,818,733,173,110,29,1,33,184,66,22.5,8.1,.236,.413,.308,.721,.312,
Scherzer, Max,453286,2016,32,34,228.1,902,830,165,93,37,4,31,284,56,31.5,6.2,.199,.365,.252,.617,.267,
Arrieta, Jake,453562,2016,30,31,197.1,795,710,138,93,27,2,16,190,76,23.9,9.6,.194,.306,.277,.582,.261,
Price, David,456034,2016,31,35,230.0,951,879,227,151,40,6,30,228,50,24.0,5.3,.258,.420,.299,.718,.309,
Cueto, Johnny,456501,2016,30,32,219.2,881,818,195,139,36,5,15,198,45,22.5,5.1,.238,.350,.281,.631,.276,
Happ, J.A.,457918,2016,34,32,195.0,796,726,168,113,31,2,22,163,60,20.5,7.5,.231,.371,.294,.664,.291,
Tomlin, Josh,458708,2016,32,30,174.0,725,694,187,111,37,3,36,118,20,16.3,2.8,.269,.487,.290,.777,.327,
Gonzalez, Gio,461829,2016,31,32,177.1,765,684,179,123,34,3,19,171,59,22.4,7.7,.262,.404,.323,.726,.317,
Estrada, Marco,462136,2016,33,29,176.0,723,651,132,79,26,4,23,165,65,22.8,9.0,.203,.361,.278,.639,.279,
Nova, Ivan,467100,2016,29,32,162.0,684,636,175,103,46,3,23,127,28,18.6,4.1,.275,.465,.310,.775,.330,
Hellickson, Jeremy,476451,2016,29,32,189.0,772,711,173,101,44,4,24,154,45,19.9,5.8,.243,.418,.290,.708,.304,
Miley, Wade,489119,2016,30,30,166.0,711,649,187,122,39,1,25,137,49,19.3,6.9,.288,.467,.340,.807,.346,
Quintana, Jose,500779,2016,27,32,208.0,837,779,192,123,46,1,22,181,50,21.6,6.0,.246,.393,.294,.687,.297,
Pineda, Michael,501381,2016,27,32,175.2,756,693,184,108,43,6,27,207,53,27.4,7.0,.266,.462,.321,.783,.335,
Tillman, Chris,501957,2016,28,30,172.0,715,636,155,89,44,3,19,140,66,19.6,9.2,.244,.412,.319,.731,.317,
Archer, Chris,502042,2016,28,33,201.1,850,769,183,118,33,2,30,233,67,27.4,7.9,.238,.403,.298,.701,.304,
Samardzija, Jeff,502188,2016,31,32,203.1,829,764,190,121,37,8,24,167,54,20.1,6.5,.249,.412,.296,.708,.303,
Leake, Mike,502190,2016,29,30,176.2,757,705,203,141,39,3,20,125,30,16.5,4.0,.288,.437,.317,.754,.323,
Santiago, Hector,502327,2016,29,33,182.0,785,690,169,98,34,4,33,144,79,18.3,10.1,.245,.449,.322,.772,.332,
Bettis, Chad,518452,2016,27,32,186.0,814,735,204,138,35,9,22,138,59,17.0,7.2,.278,.439,.332,.771,.332,
Bumgarner, Madison,518516,2016,27,34,226.2,912,841,179,114,37,2,26,251,54,27.5,5.9,.213,.354,.264,.619,.269,
Duffy, Danny,518633,2016,28,42,179.2,731,676,163,100,33,3,27,188,42,25.7,5.7,.241,.419,.290,.709,.305,
Moore, Matt,519043,2016,27,33,198.1,838,752,184,133,25,1,25,178,72,21.2,8.6,.245,.380,.313,.693,.304,
Nelson, Jimmy,519076,2016,27,32,179.1,807,693,186,128,29,4,25,140,86,17.3,10.7,.268,.430,.358,.788,.345,
Pomeranz, Drew,519141,2016,28,31,170.2,703,631,137,86,29,0,22,186,65,26.5,9.2,.217,.368,.289,.656,.286,
Porcello, Rick,519144,2016,28,33,223.0,890,840,193,129,36,5,23,189,32,21.2,3.6,.230,.367,.267,.634,.274,
Sale, Chris,519242,2016,27,32,226.2,907,837,190,126,34,3,27,233,45,25.7,5.0,.227,.372,.278,.649,.282,
Perez, Martin,527048,2016,25,33,198.2,855,758,205,141,45,1,18,103,76,12.0,8.9,.270,.404,.333,.737,.323,
Teheran, Julio,527054,2016,25,30,188.0,758,703,157,99,31,5,22,167,41,22.0,5.4,.223,.376,.273,.649,.281,
Hendricks, Kyle,543294,2016,27,31,190.0,745,686,142,97,28,2,15,170,44,22.8,5.9,.207,.319,.260,.580,.254,
Koehler, Tom,543408,2016,30,33,176.2,774,675,176,114,38,2,22,147,83,19.0,10.7,.261,.421,.341,.762,.330,
McHugh, Collin,543521,2016,29,33,184.2,796,730,206,135,40,6,25,177,54,22.2,6.8,.282,.456,.333,.789,.338,
Odorizzi, Jake,543606,2016,26,33,187.2,773,706,170,105,33,3,29,166,54,21.5,7.0,.241,.419,.295,.714,.306,
Roark, Tanner,543699,2016,30,34,210.0,855,758,173,134,20,2,17,172,73,20.1,8.5,.228,.327,.303,.630,.282,
Bauer, Trevor,545333,2016,25,35,190.0,811,721,179,119,36,4,20,168,70,20.7,8.6,.248,.393,.318,.711,.310,
Iwakuma, Hisashi,547874,2016,35,33,199.0,836,772,218,145,43,2,28,147,46,17.6,5.5,.282,.452,.322,.774,.331,
Tanaka, Masahiro,547888,2016,28,31,199.2,805,759,179,121,34,2,22,165,36,20.5,4.5,.236,.373,.271,.644,.278,
Ventura, Yordano,570649,2016,25,32,186.0,816,723,190,129,35,3,23,144,78,17.6,9.6,.263,.415,.338,.753,.329,
Fiers, Mike,571666,2016,31,31,168.2,724,667,187,112,47,2,26,134,42,18.5,5.8,.280,.474,.326,.800,.342,
Keuchel, Dallas,572971,2016,28,26,168.0,701,648,168,107,35,6,20,144,48,20.5,6.8,.259,.424,.311,.735,.317,
Straily, Dan,573185,2016,28,34,191.1,792,699,154,86,35,2,31,162,73,20.5,9.2,.220,.409,.301,.710,.307,
Stroman, Marcus,573186,2016,25,32,204.0,855,792,209,141,44,3,21,166,54,19.4,6.3,.264,.407,.312,.719,.312,
Gausman, Kevin,592332,2016,25,30,179.2,757,698,183,123,31,1,28,174,47,23.0,6.2,.262,.430,.310,.740,.319,
Gray, Jon,592351,2016,25,29,168.0,712,630,153,103,28,4,18,185,59,26.0,8.3,.243,.386,.315,.700,.307,
Ray, Robbie,592662,2016,25,32,174.1,776,694,185,124,32,5,24,218,71,28.1,9.1,.267,.431,.338,.768,.332,
Sanchez, Aaron,592717,2016,24,30,192.0,790,719,161,113,31,2,15,161,63,20.4,8.0,.224,.335,.290,.625,.277,
Smyly, Drew,592767,2016,27,30,175.1,738,671,174,107,34,1,32,167,49,22.6,6.6,.259,.456,.305,.761,.323,
Syndergaard, Noah,592789,2016,24,31,183.2,744,692,168,118,36,3,11,218,43,29.3,5.8,.243,.351,.286,.637,.277,
Martinez, Carlos,593372,2016,25,31,195.1,809,724,169,128,25,1,15,174,70,21.5,8.7,.233,.333,.309,.642,.286,
Eickhoff, Jerad,595191,2016,26,33,197.1,811,745,187,108,43,6,30,167,42,20.6,5.2,.251,.446,.292,.738,.313,
Davies, Zach,605200,2016,23,28,163.1,682,631,166,113,28,5,20,135,38,19.8,5.6,.263,.418,.308,.726,.313,
Fernandez, Jose,605228,2016,24,29,182.1,737,664,149,104,29,3,13,253,55,34.3,7.5,.224,.336,.285,.621,.271,
Finnegan, Brandon,605232,2016,23,31,172.0,734,636,150,95,21,5,29,145,84,19.8,11.4,.236,.421,.324,.746,.324,
Rodon, Carlos,607074,2016,24,28,165.0,715,644,176,123,28,2,23,168,54,23.5,7.6,.273,.430,.330,.760,.328,
Graveman, Kendall,608665,2016,26,31,186.0,786,723,196,138,34,2,22,108,47,13.7,6.0,.271,.415,.318,.733,.316,
Maeda, Kenta,628317,2016,28,32,175.2,716,655,150,107,21,2,20,179,50,25.0,7.0,.229,.359,.291,.649,.281,
