last_name, first_name,player_id,year,player_age,b_ab,b_total_pa,b_total_hits,b_single,b_double,b_triple,b_home_run,b_strikeout,b_walk,b_k_percent,b_bb_percent,batting_avg,slg_percent,on_base_percent,on_base_plus_slg,woba,
Hunter, Torii,116338,2015,40,521,567,125,81,22,0,22,105,35,18.5,6.2,.240,.409,.293,.702,.304,
Ortiz, David,120074,2015,40,528,614,144,70,37,0,37,95,77,15.5,12.5,.273,.553,.360,.913,.379,
Rodriguez, Alex,121347,2015,40,523,620,131,75,22,1,33,145,84,23.4,13.5,.250,.486,.356,.842,.361,
Ramirez, Aramis,133380,2015,37,475,516,117,68,31,1,17,68,31,13.2,6.0,.246,.423,.297,.720,.309,
Beltre, Adrian,134181,2015,36,567,619,163,109,32,4,18,65,41,10.5,6.6,.287,.453,.334,.788,.337,
Beltran, Carlos,136860,2015,38,478,531,132,78,34,1,19,85,45,16.0,8.5,.276,.471,.337,.808,.346,
Rollins, Jimmy,276519,2015,37,517,563,116,76,24,3,13,86,44,15.3,7.8,.224,.358,.284,.642,.283,
Pujols, Albert,405395,2015,35,602,661,147,85,22,0,40,72,50,10.9,7.6,.244,.480,.307,.787,.333,
Byrd, Marlon,407781,2015,38,506,544,125,72,25,5,23,145,29,26.7,5.3,.247,.453,.290,.743,.317,
Mauer, Joe,408045,2015,32,592,666,157,111,34,2,10,112,67,16.8,10.1,.265,.380,.338,.718,.311,
Cabrera, Miguel,408234,2015,32,429,511,145,98,28,1,18,82,77,16.0,15.1,.338,.534,.440,.974,.413,
Gonzalez, Adrian,408236,2015,33,571,643,157,96,33,0,28,107,62,16.6,9.6,.275,.480,.350,.830,.354,
Phillips, Brandon,408252,2015,34,588,623,173,140,19,2,12,68,27,10.9,4.3,.294,.395,.327,.722,.315,
Reyes, Jose,408314,2015,32,481,519,132,98,25,2,7,62,26,11.9,5.0,.274,.378,.304,.683,.300,
Peralta, Jhonny,425509,2015,33,579,640,159,115,26,1,17,111,50,17.3,7.8,.275,.411,.334,.745,.323,
Choo, Shin-Soo,425783,2015,33,555,653,153,96,32,3,22,147,76,22.5,11.6,.276,.463,.374,.837,.365,
Molina, Yadier,425877,2015,33,488,530,132,103,23,2,4,59,32,11.1,6.0,.270,.350,.309,.660,.287,
Fielder, Prince,425902,2015,31,613,693,187,136,28,0,23,88,64,12.7,9.2,.305,.463,.378,.841,.360,
Cano, Robinson,429664,2015,33,624,674,179,123,34,1,21,107,43,15.9,6.4,.287,.446,.334,.779,.335,
Encarnacion, Edwin,429665,2015,32,528,624,146,76,31,0,39,98,77,15.7,12.3,.277,.557,.372,.929,.392,
Howard, Ryan,429667,2015,36,467,503,107,54,29,1,23,138,27,27.4,5.4,.229,.443,.276,.720,.308,
Bautista, Jose,430832,2015,35,543,666,136,64,29,3,40,106,110,15.9,16.5,.250,.536,.377,.913,.389,
Jones, Adam,430945,2015,30,546,581,147,92,25,3,27,102,24,17.6,4.1,.269,.474,.308,.782,.334,
Aybar, Erick,430947,2015,31,597,638,161,127,30,1,3,73,25,11.4,3.9,.270,.338,.298,.636,.280,
Martin, Russell,431145,2015,32,441,507,106,58,23,2,23,106,53,20.9,10.5,.240,.458,.329,.787,.340,
Granderson, Curtis,434158,2015,34,580,682,150,89,33,2,26,151,91,22.1,13.3,.259,.457,.364,.821,.357,
Pagan, Angel,434636,2015,34,512,551,134,107,21,3,3,93,32,16.9,5.8,.262,.332,.303,.635,.281,
Morales, Kendrys,434778,2015,32,569,639,165,100,41,2,22,103,58,16.1,9.1,.290,.485,.362,.847,.364,
Kinsler, Ian,435079,2015,33,624,675,185,132,35,7,11,80,43,11.9,6.4,.296,.428,.342,.770,.335,
McCann, Brian,435263,2015,31,465,535,108,66,15,1,26,97,52,18.1,9.7,.232,.437,.320,.756,.327,
Walker, Neil,435522,2015,30,543,603,146,95,32,3,16,110,44,18.2,7.3,.269,.427,.328,.756,.325,
Desmond, Ian,435622,2015,30,583,641,136,88,27,2,19,187,45,29.2,7.0,.233,.384,.287,.671,.294,
Cruz Jr., Nelson,443558,2015,35,590,655,178,111,22,1,44,164,59,25.0,9.0,.302,.566,.369,.936,.396,
Trumbo, Mark,444432,2015,29,508,545,133,85,23,3,22,132,36,24.2,6.6,.262,.449,.310,.759,.327,
Peralta, David,444482,2015,28,462,517,144,91,26,10,17,107,44,20.7,8.5,.312,.522,.371,.893,.380,
Escobar, Alcides,444876,2015,29,612,662,157,129,20,5,3,75,26,11.3,3.9,.257,.320,.289,.609,.271,
Prado, Martin,445988,2015,32,500,551,144,111,22,2,9,68,37,12.3,6.7,.288,.394,.338,.732,.318,
Duda, Lucas,446263,2015,29,471,554,115,55,33,0,27,138,66,24.9,11.9,.244,.486,.352,.838,.359,
Longoria, Evan,446334,2015,30,604,670,163,106,35,1,21,132,51,19.7,7.6,.270,.435,.328,.764,.327,
Davis, Chris,448801,2015,29,573,670,150,72,31,0,47,208,84,31.0,12.5,.262,.562,.361,.923,.390,
Zobrist, Ben,450314,2015,34,467,535,129,77,36,3,13,56,62,10.5,11.6,.276,.450,.359,.809,.349,
Fowler, Dexter,451594,2015,29,596,690,149,95,29,8,17,154,84,22.3,12.2,.250,.411,.345,.756,.333,
Headley, Chase,452104,2015,31,580,642,150,109,29,1,11,135,51,21.0,7.9,.259,.369,.324,.693,.307,
Lind, Adam,452252,2015,32,502,572,139,87,32,0,20,100,66,17.5,11.5,.277,.460,.360,.820,.351,
Cabrera, Asdrubal,452678,2015,30,505,551,134,86,28,5,15,107,36,19.4,6.5,.265,.430,.314,.744,.319,
Tulowitzki, Troy,453064,2015,31,486,534,136,92,27,0,17,114,38,21.3,7.1,.280,.440,.337,.777,.335,
Blackmon, Charlie,453568,2015,29,614,682,176,119,31,9,17,112,46,16.4,6.7,.287,.450,.345,.794,.345,
Frazier, Todd,453943,2015,29,619,678,158,79,43,1,35,137,44,20.2,6.5,.255,.498,.308,.806,.342,
Markakis, Nick,455976,2015,32,612,686,181,139,38,1,3,83,70,12.1,10.2,.296,.376,.370,.746,.327,
Butler, Billy,456714,2015,29,538,601,135,91,28,1,15,101,52,16.8,8.7,.251,.390,.323,.713,.311,
Cain, Lorenzo,456715,2015,29,551,604,169,113,34,6,16,98,37,16.2,6.1,.307,.477,.361,.838,.360,
McCutchen, Andrew,457705,2015,29,566,685,165,103,36,3,23,133,98,19.4,14.3,.292,.488,.401,.889,.380,
Jackson, Austin,457706,2015,28,491,527,131,94,25,3,9,126,29,23.9,5.5,.267,.385,.309,.694,.305,
Upton, Justin,457708,2015,28,542,620,136,81,26,3,26,159,68,25.6,11.0,.251,.454,.335,.789,.340,
Maybin, Cameron,457727,2015,28,505,555,135,105,18,2,10,102,45,18.4,8.1,.267,.370,.326,.696,.307,
Posey III, Buster,457763,2015,28,557,623,177,130,28,0,19,52,56,8.3,9.0,.318,.470,.379,.849,.363,
Bruce, Jay,457803,2015,28,580,649,131,66,35,4,26,145,58,22.3,8.9,.226,.434,.294,.729,.309,
Votto, Joey,458015,2015,32,545,695,171,107,33,2,29,135,143,19.4,20.6,.314,.541,.459,1.000,.427,
Coghlan, Chris,458085,2015,30,440,503,110,63,25,6,16,94,58,18.7,11.5,.250,.443,.340,.783,.337,
Gardner, Brett,458731,2015,32,571,656,148,103,26,3,16,135,68,20.6,10.4,.259,.399,.338,.738,.327,
Braun, Ryan,460075,2015,32,506,568,144,89,27,3,25,115,54,20.2,9.5,.285,.498,.356,.854,.366,
Moss, Brandon,461235,2015,32,469,526,106,61,24,2,19,148,49,28.1,9.3,.226,.407,.304,.711,.308,
Kemp, Matt,461314,2015,31,596,648,158,101,31,3,23,147,39,22.7,6.0,.265,.443,.312,.755,.325,
Plouffe, Trevor,461858,2015,29,573,632,140,79,35,4,22,124,50,19.6,7.9,.244,.435,.307,.742,.321,
Andrus, Elvis,462101,2015,27,596,661,154,111,34,2,7,78,46,11.8,7.0,.258,.357,.306,.663,.292,
Cervelli, Francisco,465041,2015,29,451,510,133,104,17,5,7,94,46,18.4,9.0,.295,.401,.367,.768,.341,
Cabrera, Melky,466320,2015,31,629,683,172,122,36,2,12,88,40,12.9,5.9,.273,.394,.313,.708,.307,
Sandoval, Pablo,467055,2015,29,470,505,115,79,25,1,10,73,25,14.5,5.0,.245,.366,.291,.657,.288,
Ramos, Wilson,467092,2015,28,475,504,109,78,16,0,15,101,21,20.0,4.2,.229,.358,.258,.616,.265,
Santana, Carlos,467793,2015,29,550,666,127,77,29,2,19,122,108,18.3,16.2,.231,.395,.357,.752,.331,
Parra, Gerardo,467827,2015,28,547,589,159,104,36,5,14,92,28,15.6,4.8,.291,.452,.326,.778,.334,
Gonzalez, Carlos,471865,2015,30,554,608,150,83,25,2,40,133,46,21.9,7.6,.271,.540,.324,.864,.364,
Belt, Brandon,474832,2015,27,492,556,138,82,33,5,18,147,56,26.4,10.1,.280,.478,.356,.834,.359,
Brantley Jr., Michael,488726,2015,28,529,596,164,104,45,0,15,51,60,8.6,10.1,.310,.480,.379,.859,.368,
Escobar, Yunel,488862,2015,33,535,591,168,133,25,1,9,70,45,11.8,7.6,.314,.415,.374,.789,.349,
Morrison, Logan,489149,2015,28,457,511,103,68,15,3,17,81,47,15.9,9.2,.225,.383,.301,.684,.298,
Cespedes, Yoenis,493316,2015,30,633,676,184,101,42,6,35,141,33,20.9,4.9,.291,.542,.328,.870,.367,
Ramirez, Alexei,493351,2015,34,583,622,145,102,33,0,10,68,31,10.9,5.0,.249,.357,.285,.641,.279,
Solarte, Yangervis,500208,2015,28,526,571,142,91,33,4,14,56,34,9.8,6.0,.270,.428,.319,.746,.324,
Martinez, J.D.,502110,2015,28,596,657,168,95,33,2,38,178,53,27.1,8.1,.282,.535,.344,.879,.372,
Reddick, Josh,502210,2015,28,526,582,143,94,25,4,20,65,49,11.2,8.4,.272,.449,.330,.779,.338,
Murphy, Daniel,502517,2015,30,499,538,140,86,38,2,14,38,31,7.1,5.8,.281,.449,.322,.770,.325,
Goldschmidt, Paul,502671,2015,28,567,695,182,109,38,2,33,151,118,21.7,17.0,.321,.570,.435,1.004,.418,
Altuve, Jose,514888,2015,25,638,689,200,141,40,4,15,67,33,9.7,4.8,.313,.459,.351,.810,.347,
Segura, Jean,516416,2015,25,560,584,144,117,16,5,6,93,13,15.9,2.2,.257,.336,.279,.615,.268,
Castro, Starlin,516770,2015,25,547,578,145,109,23,2,11,91,21,15.7,3.6,.265,.375,.296,.671,.288,
Marte, Starling,516782,2015,27,579,633,166,115,30,2,19,123,27,19.4,4.3,.287,.444,.335,.779,.337,
Donaldson, Josh,518626,2015,30,620,711,184,100,41,2,41,133,73,18.7,10.3,.297,.568,.370,.938,.398,
Heyward, Jason,518792,2015,26,547,610,160,110,33,4,13,90,56,14.8,9.2,.293,.439,.357,.796,.346,
LeMahieu, DJ,518934,2015,27,564,620,170,138,21,5,6,107,50,17.3,8.1,.301,.388,.356,.745,.327,
Moreland, Mitch,519048,2015,30,471,515,131,81,27,0,23,112,32,21.7,6.2,.278,.482,.330,.812,.348,
Moustakas, Mike,519058,2015,27,549,614,156,99,34,1,22,76,43,12.4,7.0,.284,.470,.345,.815,.353,
Norris, Derek,519083,2015,26,515,557,129,80,33,2,14,131,35,23.5,6.3,.250,.404,.305,.709,.309,
Revere, Ben,519184,2015,27,592,634,181,150,22,7,2,64,32,10.1,5.0,.306,.377,.339,.716,.316,
Rizzo, Anthony,519203,2015,26,586,701,163,91,38,3,31,105,78,15.0,11.1,.278,.512,.387,.899,.384,
Vogt, Stephen,519390,2015,31,445,511,116,74,21,3,18,97,56,19.0,11.0,.261,.443,.341,.783,.335,
Galvis, Freddy,520471,2015,26,559,603,147,121,14,5,7,103,30,17.1,5.0,.263,.343,.299,.642,.283,
Perez, Salvador,521692,2015,25,531,553,138,92,25,0,21,82,13,14.8,2.4,.260,.426,.280,.706,.300,
Forsythe, Logan,523253,2015,28,540,615,152,100,33,2,17,111,55,18.0,8.9,.281,.444,.359,.804,.350,
Flores, Wilmer,527038,2015,24,483,510,127,89,22,0,16,63,19,12.4,3.7,.263,.408,.294,.702,.304,
Garcia, Avisail,541645,2015,24,553,601,142,110,17,2,13,141,36,23.5,6.0,.257,.365,.309,.675,.295,
Inciarte, Ender,542255,2015,25,524,561,159,121,27,5,6,58,26,10.3,4.6,.303,.408,.337,.745,.325,
Burns, Billy,542993,2015,26,520,555,153,121,18,9,5,81,26,14.6,4.7,.294,.392,.333,.726,.317,
Crawford, Brandon,543063,2015,28,507,561,130,72,33,4,21,119,39,21.2,7.0,.256,.462,.321,.782,.332,
Giavotella, Johnny,543213,2015,28,453,502,123,89,25,5,4,59,32,11.8,6.4,.272,.375,.313,.688,.303,
Gose, Anthony,543238,2015,25,485,535,123,86,24,8,5,145,45,27.1,8.4,.254,.367,.320,.687,.304,
Hosmer, Eric,543333,2015,26,599,667,178,122,33,5,18,108,61,16.2,9.1,.297,.459,.363,.822,.355,
Kipnis, Jason,543401,2015,28,565,641,171,112,43,7,9,107,57,16.7,8.9,.303,.451,.370,.821,.355,
Lawrie, Brett,543434,2015,25,562,602,146,98,29,3,16,144,28,23.9,4.7,.260,.407,.297,.705,.306,
Semien, Marcus,543760,2015,25,556,601,143,98,23,7,15,132,42,22.0,7.0,.257,.405,.309,.714,.311,
Strange-Gordon, Dee,543829,2015,27,615,653,205,169,24,8,4,91,25,13.9,3.8,.333,.418,.355,.773,.337,
Wong, Kolten,543939,2015,25,557,613,146,103,28,4,11,95,36,15.5,5.9,.262,.386,.321,.707,.310,
Gregorius, Didi,544369,2015,25,525,578,139,104,24,2,9,85,33,14.7,5.7,.265,.370,.317,.686,.303,
Trout, Mike,545361,2015,24,575,682,172,93,32,6,41,158,92,23.2,13.5,.299,.590,.402,.991,.415,
Herrera, Odubel,546318,2015,24,495,537,147,106,30,3,8,129,28,24.0,5.2,.297,.418,.341,.759,.333,
Harper, Bryce,547180,2015,23,521,654,172,91,38,1,42,131,124,20.0,19.0,.330,.649,.460,1.109,.461,
Abreu, Jose,547989,2015,28,613,668,178,111,34,3,30,140,39,21.0,5.8,.290,.502,.347,.850,.361,
Polanco, Gregory,570256,2015,24,593,652,152,102,35,6,9,121,55,18.6,8.4,.256,.381,.319,.700,.304,
Arenado, Nolan,571448,2015,24,616,665,177,88,43,4,42,110,34,16.5,5.1,.287,.575,.323,.898,.371,
Holt, Brock,571788,2015,27,454,509,127,92,27,6,2,97,46,19.1,9.0,.280,.379,.346,.725,.322,
Owings, Chris,572008,2015,24,515,552,117,81,27,5,4,144,26,26.1,4.7,.227,.322,.261,.583,.255,
Pollock, AJ,572041,2015,28,609,673,192,127,39,6,20,89,53,13.2,7.9,.315,.498,.367,.865,.371,
Seager, Kyle,572122,2015,28,623,686,166,103,37,0,26,98,54,14.3,7.9,.266,.451,.328,.779,.335,
Taylor, Michael A.,572191,2015,24,472,511,108,77,15,2,14,158,35,30.9,6.8,.229,.358,.282,.640,.274,
Carpenter, Matt,572761,2015,30,574,665,156,81,44,3,28,151,81,22.7,12.2,.272,.505,.365,.871,.372,
Dozier, Brian,572821,2015,28,628,704,148,77,39,4,28,148,61,21.0,8.7,.236,.444,.307,.751,.323,
Bryant, Kris,592178,2015,23,559,650,154,92,31,5,26,199,77,30.6,11.8,.275,.488,.369,.858,.371,
Castellanos, Nick,592206,2015,23,549,595,140,86,33,6,15,152,39,25.5,6.6,.255,.419,.303,.721,.311,
Machado, Manny,592518,2015,23,633,713,181,115,30,1,35,111,70,15.6,9.8,.286,.502,.358,.860,.370,
Pederson, Joc,592626,2015,23,480,585,101,55,19,1,26,170,92,29.1,15.7,.210,.417,.345,.762,.335,
Simmons, Andrelton,592743,2015,26,535,583,142,113,23,2,4,48,39,8.2,6.7,.265,.338,.321,.659,.290,
Yelich, Christian,592885,2015,24,476,525,143,104,30,2,7,101,47,19.2,9.0,.300,.416,.366,.782,.343,
Bogaerts, Xander,593428,2015,23,613,654,196,151,35,3,7,101,32,15.4,4.9,.320,.421,.353,.774,.338,
Calhoun, Kole,594777,2015,28,630,686,161,110,23,2,26,164,45,23.9,6.6,.256,.422,.308,.730,.317,
Eaton, Adam,594809,2015,27,610,689,175,124,28,9,14,131,58,19.0,8.4,.287,.431,.358,.790,.346,
Gattis, Evan,594828,2015,29,566,604,139,81,20,11,27,119,30,19.7,5.0,.246,.463,.285,.748,.317,
Kiermaier, Kevin,595281,2015,25,505,535,133,86,25,12,10,95,24,17.8,4.5,.263,.420,.297,.717,.309,
Betts, Mookie,605141,2015,23,597,654,174,106,42,8,18,82,46,12.5,7.0,.291,.479,.339,.819,.351,
Peterson, Jace,607054,2015,25,528,597,126,92,23,5,6,120,56,20.1,9.4,.239,.335,.310,.645,.287,
Pillar, Kevin,607680,2015,26,586,628,163,118,31,2,12,85,28,13.5,4.5,.278,.399,.312,.711,.310,
Russell, Addison,608365,2015,21,475,523,115,72,29,1,13,149,42,28.5,8.0,.242,.389,.306,.695,.304,
Duffy, Matt,622110,2015,24,573,612,169,123,28,6,12,96,30,15.7,4.9,.295,.428,.333,.761,.331,
Beltran, Carlos,136860,2017,40,467,509,108,65,29,0,14,102,33,20.0,6.5,.231,.383,.283,.666,.283,
Pujols, Albert,405395,2017,37,593,636,143,103,17,0,23,93,37,14.6,5.8,.241,.386,.286,.672,.286,
Mauer, Joe,408045,2017,34,525,597,160,116,36,1,7,83,66,13.9,11.1,.305,.417,.384,.801,.349,
Cabrera, Miguel,408234,2017,34,469,529,117,79,22,0,16,110,54,20.8,10.2,.249,.399,.329,.728,.313,
Phillips, Brandon,408252,2017,36,572,604,163,115,34,1,13,73,21,12.1,3.5,.285,.416,.318,.734,.316,
Reyes, Jose,408314,2017,34,501,561,123,76,25,7,15,79,50,14.1,8.9,.246,.413,.312,.725,.312,
Choo, Shin-Soo,425783,2017,35,544,636,142,99,20,1,22,134,77,21.1,12.1,.261,.423,.355,.778,.339,
Molina, Yadier,425877,2017,35,501,543,137,91,27,1,18,74,28,13.6,5.2,.273,.439,.311,.750,.316,
Cano, Robinson,429664,2017,35,592,648,166,110,33,0,23,85,49,13.1,7.6,.280,.453,.338,.791,.334,
Encarnacion, Edwin,429665,2017,34,554,669,143,84,20,1,38,133,104,19.9,15.5,.258,.504,.377,.880,.373,
Bautista, Jose,430832,2017,37,587,686,119,69,27,0,23,170,84,24.8,12.2,.203,.366,.308,.674,.295,
Jones, Adam,430945,2017,32,597,635,170,115,28,1,26,113,27,17.8,4.3,.285,.466,.321,.787,.334,
Granderson, Curtis,434158,2017,36,449,527,95,42,24,3,26,123,71,23.3,13.5,.212,.452,.323,.775,.330,
Ramirez, Hanley,434670,2017,34,496,553,120,73,24,0,23,116,51,21.0,9.2,.242,.429,.320,.750,.318,
Morales, Kendrys,434778,2017,34,557,608,139,86,25,0,28,132,43,21.7,7.1,.250,.445,.308,.753,.320,
Kinsler, Ian,435079,2017,35,551,613,130,80,25,3,22,86,55,14.0,9.0,.236,.412,.313,.725,.313,
Cruz Jr., Nelson,443558,2017,37,556,645,160,93,28,0,39,140,70,21.7,10.9,.288,.549,.375,.924,.385,
Trumbo, Mark,444432,2017,31,559,603,131,86,22,0,23,149,42,24.7,7.0,.234,.397,.289,.686,.295,
Peralta, David,444482,2017,30,525,577,154,106,31,3,14,94,43,16.3,7.5,.293,.444,.352,.796,.342,
Escobar, Alcides,444876,2017,31,599,629,150,103,36,5,6,102,15,16.2,2.4,.250,.357,.269,.626,.269,
Longoria, Evan,446334,2017,32,613,677,160,102,36,2,20,109,46,16.1,6.8,.261,.424,.313,.737,.312,
Cozart, Zack,446359,2017,32,438,507,130,75,24,7,24,78,62,15.4,12.2,.297,.548,.385,.933,.392,
Reynolds, Mark,448602,2017,34,520,593,139,86,22,1,30,175,69,29.5,11.6,.267,.487,.352,.839,.357,
Davis, Chris,448801,2017,31,456,524,98,56,15,1,26,195,61,37.2,11.6,.215,.423,.309,.732,.312,
Headley, Chase,452104,2017,33,512,586,140,97,30,1,12,132,60,22.5,10.2,.273,.406,.352,.758,.329,
Pence, Hunter,452254,2017,34,493,539,128,97,13,5,13,102,40,18.9,7.4,.260,.385,.315,.701,.303,
Span, Denard,452655,2017,33,497,542,135,87,31,5,12,69,40,12.7,7.4,.272,.427,.328,.755,.325,
Cabrera, Asdrubal,452678,2017,32,479,540,134,88,32,0,14,83,50,15.4,9.3,.280,.434,.350,.784,.338,
Blackmon, Charlie,453568,2017,31,644,725,213,127,35,14,37,135,65,18.6,9.0,.331,.601,.397,.998,.415,
Frazier, Todd,453943,2017,31,474,576,101,54,19,1,27,125,83,21.7,14.4,.213,.428,.344,.772,.335,
Markakis, Nick,455976,2017,34,593,670,163,115,39,1,8,110,68,16.4,10.1,.275,.384,.354,.738,.321,
Cain, Lorenzo,456715,2017,31,584,645,175,128,27,5,15,100,54,15.5,8.4,.300,.440,.363,.803,.347,
McCutchen, Andrew,457705,2017,31,570,650,159,99,30,2,28,116,73,17.8,11.2,.279,.486,.363,.849,.360,
Upton, Justin,457708,2017,30,557,635,152,73,44,0,35,180,74,28.3,11.7,.273,.540,.361,.901,.378,
Turner, Justin,457759,2017,33,457,543,147,94,32,0,21,56,59,10.3,10.9,.322,.530,.414,.944,.400,
Posey III, Buster,457763,2017,30,494,568,158,112,34,0,12,66,61,11.6,10.7,.320,.462,.400,.861,.366,
Bruce, Jay,457803,2017,30,555,617,141,74,29,2,36,139,57,22.5,9.2,.254,.508,.324,.832,.350,
Votto, Joey,458015,2017,34,559,707,179,108,34,1,36,83,134,11.7,19.0,.320,.578,.454,1.032,.428,
Gardner, Brett,458731,2017,34,594,682,157,106,26,4,21,122,72,17.9,10.6,.264,.428,.348,.775,.336,
Joyce, Matt,459964,2017,33,469,544,114,56,33,0,25,113,66,20.8,12.1,.243,.473,.335,.808,.343,
Gordon, Alex,460086,2017,33,476,541,99,68,20,2,9,126,45,23.3,8.3,.208,.315,.292,.607,.269,
Andrus, Elvis,462101,2017,29,643,689,191,123,44,4,20,101,38,14.7,5.5,.297,.471,.337,.808,.344,
Cabrera, Melky,466320,2017,33,620,666,177,128,30,2,17,74,36,11.1,5.4,.285,.423,.323,.745,.319,
Santana, Carlos,467793,2017,31,571,667,148,85,37,3,23,94,88,14.1,13.2,.259,.455,.363,.818,.350,
Gonzalez, Carlos,471865,2017,32,470,534,123,75,34,0,14,119,56,22.3,10.5,.262,.423,.339,.762,.327,
Mercer, Jordy,474568,2017,31,502,558,128,85,24,5,14,88,51,15.8,9.1,.255,.406,.326,.733,.308,
Alonso, Yonder,475174,2017,30,451,521,120,70,22,0,28,118,68,22.6,13.1,.266,.501,.365,.866,.366,
Smoak, Justin,475253,2017,31,560,637,151,83,29,1,38,128,73,20.1,11.5,.270,.529,.355,.883,.371,
Zimmerman, Ryan,475582,2017,33,524,576,159,90,33,0,36,126,44,21.9,7.6,.303,.573,.358,.930,.387,
Lowrie, Jed,476704,2017,33,567,645,157,91,49,3,14,100,73,15.5,11.3,.277,.448,.360,.808,.347,
Morrison, Logan,489149,2017,30,512,601,126,65,22,1,38,149,81,24.8,13.5,.246,.516,.353,.868,.363,
Gurriel, Yuli,493329,2017,33,529,564,158,96,43,1,18,62,22,11.0,3.9,.299,.486,.332,.817,.344,
Solarte, Yangervis,500208,2017,30,466,512,119,80,21,0,18,61,37,11.9,7.2,.255,.416,.314,.731,.311,
Freese, David,501896,2017,34,426,503,112,86,16,0,10,116,58,23.1,11.5,.263,.371,.368,.739,.326,
Davis, Khris,501981,2017,30,566,652,140,68,28,1,43,195,73,29.9,11.2,.247,.528,.336,.864,.361,
Pham, Tommy,502054,2017,29,444,530,136,89,22,2,23,117,71,22.1,13.4,.306,.520,.409,.930,.398,
Reddick, Josh,502210,2017,30,477,540,150,99,34,4,13,72,43,13.3,8.0,.314,.484,.357,.842,.357,
Murphy, Daniel,502517,2017,32,534,593,172,103,43,3,23,77,52,13.0,8.8,.322,.543,.384,.928,.385,
Goldschmidt, Paul,502671,2017,30,558,665,166,93,34,3,36,147,94,22.1,14.1,.297,.563,.403,.966,.400,
Gonzalez, Marwin,503556,2017,28,455,515,138,81,34,0,23,99,49,19.2,9.5,.303,.530,.375,.904,.381,
Altuve, Jose,514888,2017,27,590,662,204,137,39,4,24,84,58,12.7,8.8,.346,.547,.409,.957,.405,
Hernandez, Cesar,514917,2017,27,511,577,150,109,26,6,9,104,61,18.0,10.6,.294,.421,.373,.793,.346,
Segura, Jean,516416,2017,27,524,566,157,114,30,2,11,83,34,14.7,6.0,.300,.427,.348,.776,.334,
Freeman, Freddie,518692,2017,28,440,514,135,70,35,2,28,95,65,18.5,12.6,.307,.586,.403,.989,.407,
LeMahieu, DJ,518934,2017,29,609,682,189,149,28,4,8,90,59,13.2,8.7,.310,.409,.372,.781,.342,
Moreland, Mitch,519048,2017,32,508,576,125,69,34,0,22,120,57,20.8,9.9,.246,.443,.326,.769,.326,
Moustakas, Mike,519058,2017,29,555,598,151,89,24,0,38,94,34,15.7,5.7,.272,.521,.314,.835,.345,
Rizzo, Anthony,519203,2017,28,572,691,156,89,32,3,32,90,91,13.0,13.2,.273,.507,.392,.899,.380,
Souza Jr., Steven,519306,2017,28,523,617,125,72,21,2,30,179,84,29.0,13.6,.239,.459,.350,.809,.348,
Stanton, Giancarlo,519317,2017,28,597,692,168,77,32,0,59,163,85,23.6,12.3,.281,.631,.376,1.007,.410,
Thames, Eric,519346,2017,31,469,551,116,55,26,4,31,163,75,29.6,13.6,.247,.518,.359,.877,.370,
Galvis, Freddy,520471,2017,28,608,663,155,108,29,6,12,111,45,16.7,6.8,.255,.382,.308,.689,.298,
Garcia, Avisail,541645,2017,26,518,561,171,121,27,5,18,111,33,19.8,5.9,.330,.506,.380,.885,.375,
Inciarte, Ender,542255,2017,27,662,718,201,158,27,5,11,94,49,13.1,6.8,.304,.409,.348,.758,.328,
Ozuna, Marcell,542303,2017,27,613,679,191,122,30,2,37,144,64,21.2,9.4,.312,.548,.376,.924,.388,
Beckham, Tim,542921,2017,27,533,575,148,103,18,5,22,167,36,29.0,6.3,.278,.454,.327,.781,.334,
Crawford, Brandon,543063,2017,30,518,570,131,82,34,1,14,113,42,19.8,7.4,.253,.403,.305,.709,.301,
Harrison, Josh,543281,2017,30,486,542,132,88,26,2,16,90,28,16.6,5.2,.272,.432,.338,.770,.332,
Hosmer, Eric,543333,2017,28,603,671,192,135,31,1,25,104,66,15.5,9.8,.318,.498,.385,.882,.376,
Rendon, Anthony,543685,2017,27,508,605,153,86,41,1,25,82,84,13.6,13.9,.301,.533,.403,.937,.394,
Shaw, Travis,543768,2017,27,538,606,147,81,34,1,31,138,60,22.8,9.9,.273,.513,.348,.861,.361,
Springer III, George,543807,2017,28,548,629,155,92,29,0,34,111,64,17.6,10.2,.283,.522,.366,.888,.376,
Strange-Gordon, Dee,543829,2017,29,653,695,201,170,20,9,2,93,25,13.4,3.6,.308,.375,.340,.715,.312,
Gregorius, Didi,544369,2017,27,534,570,153,101,27,0,25,70,25,12.3,4.4,.287,.478,.318,.795,.335,
Trout, Mike,545361,2017,26,402,507,123,62,25,3,33,90,94,17.8,18.5,.306,.629,.442,1.071,.437,
Herrera, Odubel,546318,2017,26,526,563,148,89,42,3,14,126,31,22.4,5.5,.281,.452,.325,.778,.329,
Abreu, Jose,547989,2017,30,621,675,189,107,43,6,33,119,35,17.6,5.2,.304,.552,.354,.906,.377,
Suarez, Eugenio,553993,2017,26,534,632,139,86,25,2,26,147,84,23.3,13.3,.260,.461,.367,.828,.356,
Santana, Domingo,570267,2017,25,525,607,146,87,29,0,30,178,73,29.3,12.0,.278,.505,.371,.875,.372,
Sanchez, Yolmer,570560,2017,25,484,534,129,90,19,8,12,111,35,20.8,6.6,.267,.413,.315,.728,.313,
Schoop, Jonathan,570731,2017,26,622,675,182,115,35,0,32,142,35,21.0,5.2,.293,.503,.338,.841,.355,
Arenado, Nolan,571448,2017,26,606,680,187,100,43,7,37,106,62,15.6,9.1,.309,.586,.372,.958,.395,
Hamilton, Billy,571740,2017,27,582,633,144,112,17,11,4,133,44,21.0,7.0,.247,.335,.297,.632,.278,
Joseph, Tommy,571830,2017,26,495,533,119,69,27,1,22,129,33,24.2,6.2,.240,.432,.289,.721,.305,
Lamb, Jake,571875,2017,27,536,635,133,69,30,4,30,152,87,23.9,13.7,.248,.487,.357,.844,.353,
Myers, Wil,571976,2017,27,567,649,138,76,29,3,30,180,70,27.7,10.8,.243,.464,.328,.792,.335,
Seager, Kyle,572122,2017,30,578,650,144,83,33,1,27,110,58,16.9,8.9,.249,.450,.323,.773,.326,
Carpenter, Matt,572761,2017,32,497,622,120,64,31,2,23,125,109,20.1,17.5,.241,.451,.383,.833,.361,
Dickerson, Corey,572816,2017,28,588,629,166,102,33,4,27,152,35,24.2,5.6,.282,.490,.324,.814,.341,
Dozier, Brian,572821,2017,30,617,705,167,99,30,4,34,141,78,20.0,11.1,.271,.498,.359,.856,.362,
Bryant, Kris,592178,2017,25,549,665,162,91,38,4,29,128,95,19.2,14.3,.295,.537,.409,.946,.399,
Castellanos, Nick,592206,2017,25,614,665,167,95,36,10,26,142,41,21.4,6.2,.272,.490,.320,.811,.341,
Gamel, Ben,592325,2017,25,509,550,140,97,27,5,11,122,36,22.2,6.5,.275,.413,.322,.734,.315,
Healy, Ryon,592387,2017,25,576,605,156,102,29,0,25,142,23,23.5,3.8,.271,.451,.302,.754,.320,
Judge, Aaron,592450,2017,25,542,678,154,75,24,3,52,208,127,30.7,18.7,.284,.627,.422,1.049,.430,
Machado, Manny,592518,2017,25,630,690,163,96,33,1,33,115,50,16.7,7.2,.259,.471,.310,.782,.328,
Realmuto, J.T.,592663,2017,26,532,579,148,95,31,5,17,106,36,18.3,6.2,.278,.451,.332,.783,.332,
Rosario, Eddie,592696,2017,26,542,589,157,95,33,2,27,106,35,18.0,5.9,.290,.507,.326,.833,.349,
Simmons, Andrelton,592743,2017,28,589,647,164,110,38,2,14,67,47,10.4,7.3,.278,.421,.331,.752,.323,
Yelich, Christian,592885,2017,26,602,695,170,114,36,2,18,137,80,19.7,11.5,.282,.439,.368,.807,.348,
Merrifield, Whit,593160,2017,28,587,630,169,112,32,6,19,88,29,14.0,4.6,.288,.460,.324,.784,.332,
Bogaerts, Xander,593428,2017,25,571,635,156,108,32,6,10,116,56,18.3,8.8,.273,.403,.343,.746,.321,
Polanco, Jorge,593871,2017,24,488,544,125,79,30,3,13,78,41,14.3,7.5,.256,.410,.309,.719,.309,
Calhoun, Kole,594777,2017,30,569,654,139,95,23,2,19,134,71,20.5,10.9,.244,.392,.333,.725,.315,
Duvall, Adam,594807,2017,29,587,647,146,75,37,3,31,170,39,26.3,6.0,.249,.480,.301,.782,.327,
Schebler, Scott,594988,2017,27,473,531,110,53,25,2,30,125,39,23.5,7.3,.233,.484,.307,.791,.330,
Baez, Javier,595879,2017,25,469,508,128,79,24,2,23,144,30,28.3,5.9,.273,.480,.313,.793,.326,
Lindor, Francisco,596019,2017,24,651,723,178,97,44,4,33,93,60,12.9,8.3,.273,.505,.335,.840,.353,
Odor, Rougned,596059,2017,23,607,651,124,70,21,3,30,162,32,24.9,4.9,.204,.397,.252,.649,.272,
Story, Trevor,596115,2017,25,503,555,120,61,32,3,24,191,49,34.4,8.8,.239,.457,.308,.765,.323,
Sanchez, Gary,596142,2017,25,471,525,131,78,20,0,33,120,40,22.9,7.6,.278,.531,.345,.876,.368,
Kepler, Max,596146,2017,24,511,568,124,71,32,2,19,114,47,20.1,8.3,.243,.425,.312,.736,.315,
Franco, Maikel,596748,2017,25,575,623,132,78,29,1,24,95,41,15.2,6.6,.230,.409,.281,.690,.292,
Bradley Jr., Jackie,598265,2017,27,482,541,118,79,19,3,17,124,48,22.9,8.9,.245,.402,.323,.726,.313,
Bell, Josh,605137,2017,25,549,620,140,82,26,6,26,117,66,18.9,10.6,.255,.466,.334,.800,.338,
Betts, Mookie,605141,2017,25,628,712,166,94,46,2,24,79,77,11.1,10.8,.264,.459,.344,.803,.339,
Panik, Joe,605412,2017,27,511,573,147,104,28,5,10,54,46,9.4,8.0,.288,.421,.346,.766,.329,
Arcia, Orlando,606115,2017,23,506,548,140,106,17,2,15,100,36,18.2,6.6,.277,.407,.323,.730,.309,
Peraza, Jose,606299,2017,23,487,518,126,108,9,4,5,70,20,13.5,3.9,.259,.324,.295,.620,.273,
Pillar, Kevin,607680,2017,28,587,632,150,96,37,1,16,95,33,15.0,5.2,.256,.404,.299,.703,.302,
Ramirez, Jose,608070,2017,25,585,645,186,95,56,6,29,69,52,10.7,8.1,.318,.583,.374,.957,.396,
Bregman, Alex,608324,2017,23,556,626,158,95,39,5,19,97,55,15.5,8.8,.284,.475,.351,.826,.351,
Gallo, Joey,608336,2017,24,449,532,94,32,18,3,41,196,75,36.8,14.1,.209,.537,.333,.869,.364,
Seager, Corey,608369,2017,23,539,613,159,104,33,0,22,131,67,21.4,10.9,.295,.479,.375,.854,.364,
Mazara, Nomar,608577,2017,22,554,616,140,88,30,2,20,127,55,20.6,8.9,.253,.422,.323,.745,.317,
Swanson, Dansby,621020,2017,23,488,551,113,82,23,2,6,120,59,21.8,10.7,.232,.324,.312,.636,.276,
Taylor, Chris,621035,2017,27,514,568,148,88,34,5,21,142,50,25.0,8.8,.288,.496,.354,.850,.361,
Buxton, Byron,621439,2017,24,462,511,117,81,14,6,16,150,38,29.4,7.4,.253,.413,.311,.725,.312,
Margot, Manuel,622534,2017,23,487,529,128,90,18,7,13,106,35,20.0,6.6,.263,.409,.312,.721,.309,
Puig, Yasiel,624577,2017,27,499,570,131,77,24,2,28,100,64,17.5,11.2,.263,.487,.346,.833,.349,
Anderson, Tim,641313,2017,24,587,606,151,104,26,4,17,162,13,26.7,2.1,.257,.402,.276,.678,.288,
Bellinger, Cody,641355,2017,22,480,548,128,59,26,4,39,146,64,26.6,11.7,.267,.581,.352,.933,.380,
Mancini III, Trey,641820,2017,25,543,586,159,105,26,4,24,139,33,23.7,5.6,.293,.488,.338,.826,.349,
Benintendi, Andrew,643217,2017,23,573,658,155,108,26,1,20,112,70,17.0,10.6,.271,.424,.351,.775,.332,
Martinez, Victor,400121,2018,40,467,508,117,87,21,0,9,49,32,9.6,6.3,.251,.353,.297,.651,.281,
Mauer, Joe,408045,2018,35,486,543,137,103,27,1,6,86,51,15.8,9.4,.282,.379,.350,.729,.319,
Choo, Shin-Soo,425783,2018,36,560,665,148,96,30,1,21,156,92,23.5,13.8,.264,.434,.376,.810,.355,
Molina, Yadier,425877,2018,36,459,503,120,80,20,0,20,66,29,13.1,5.8,.261,.436,.314,.750,.323,
Encarnacion, Edwin,429665,2018,35,500,579,123,74,16,1,32,132,63,22.8,10.9,.246,.474,.335,.809,.346,
Jones, Adam,430945,2018,33,580,613,163,113,35,0,15,93,24,15.2,3.9,.281,.419,.313,.732,.315,
Kinsler, Ian,435079,2018,36,487,534,117,77,26,0,14,64,40,12.0,7.5,.240,.380,.301,.681,.298,
Desmond, Ian,435622,2018,33,555,619,131,80,21,8,22,146,53,23.6,8.6,.236,.422,.307,.729,.315,
Cruz Jr., Nelson,443558,2018,38,519,591,133,77,18,1,37,122,55,20.6,9.3,.256,.509,.342,.850,.361,
Peralta, David,444482,2018,31,560,614,164,104,25,5,30,124,48,20.2,7.8,.293,.516,.352,.868,.368,
Escobar, Alcides,444876,2018,32,485,531,112,83,22,3,4,74,29,13.9,5.5,.231,.313,.275,.588,.261,
Jay, Jon,445055,2018,33,527,586,141,112,19,7,3,95,33,16.2,5.6,.268,.347,.328,.675,.301,
Longoria, Evan,446334,2018,33,480,512,117,72,25,4,16,101,22,19.7,4.3,.244,.413,.281,.694,.295,
Davis, Chris,448801,2018,32,470,522,79,51,12,0,16,192,41,36.8,7.9,.168,.296,.243,.539,.239,
Zobrist, Ben,450314,2018,37,455,520,139,99,28,3,9,60,55,11.5,10.6,.305,.440,.377,.816,.355,
Cabrera, Asdrubal,452678,2018,33,546,592,143,83,36,1,23,119,41,20.1,6.9,.262,.458,.316,.774,.332,
Blackmon, Charlie,453568,2018,32,626,696,182,115,31,7,29,134,59,19.3,8.5,.291,.502,.358,.859,.368,
Markakis, Nick,455976,2018,35,623,705,185,126,43,2,14,80,72,11.3,10.2,.297,.440,.366,.806,.345,
Nunez, Eduardo,456488,2018,31,480,502,127,91,23,3,10,69,16,13.7,3.2,.265,.388,.289,.676,.292,
Cain, Lorenzo,456715,2018,32,539,620,166,129,25,2,10,94,71,15.2,11.5,.308,.417,.395,.813,.359,
McCutchen, Andrew,457705,2018,32,569,682,145,92,30,3,20,145,95,21.3,13.9,.255,.424,.368,.792,.347,
Upton, Justin,457708,2018,31,533,613,137,88,18,1,30,176,64,28.7,10.4,.257,.463,.344,.808,.348,
Votto, Joey,458015,2018,35,503,623,143,101,28,2,12,101,108,16.2,17.3,.284,.419,.417,.837,.370,
Gardner, Brett,458731,2018,35,530,609,125,86,20,7,12,107,65,17.6,10.7,.236,.368,.320,.688,.305,
Gordon, Alex,460086,2018,34,506,568,124,87,24,0,13,124,50,21.8,8.8,.245,.370,.324,.694,.305,
Kemp, Matt,461314,2018,34,462,506,134,88,25,0,21,115,36,22.7,7.1,.290,.481,.338,.818,.348,
Santana, Carlos,467793,2018,32,560,679,128,74,28,2,24,93,110,13.7,16.2,.229,.414,.352,.766,.333,
Gonzalez, Carlos,471865,2018,33,463,504,128,76,32,4,16,113,37,22.4,7.3,.276,.467,.329,.796,.338,
Alonso, Yonder,475174,2018,31,516,574,129,87,19,0,23,123,51,21.4,8.9,.250,.421,.317,.738,.319,
Smoak, Justin,475253,2018,32,505,594,122,63,34,0,25,156,83,26.3,14.0,.242,.457,.350,.808,.349,
Lowrie, Jed,476704,2018,34,596,680,159,98,37,1,23,128,78,18.8,11.5,.267,.448,.353,.801,.347,
Brantley Jr., Michael,488726,2018,31,570,631,176,121,36,2,17,60,48,9.5,7.6,.309,.468,.363,.831,.359,
Gurriel, Yuli,493329,2018,34,537,573,156,109,33,1,13,63,23,11.0,4.0,.291,.428,.323,.751,.323,
Solarte, Yangervis,500208,2018,31,468,506,106,69,20,0,17,72,31,14.2,6.1,.226,.378,.277,.655,.284,
Rojas, Miguel,500743,2018,29,488,528,123,99,13,0,11,69,24,13.1,4.5,.252,.346,.295,.642,.281,
Escobar, Eduardo,500871,2018,29,566,631,154,80,48,3,23,126,52,20.0,8.2,.272,.489,.334,.824,.346,
Martinez, Jose,500874,2018,30,534,590,163,116,30,0,17,104,49,17.6,8.3,.305,.457,.363,.820,.356,
Davis, Khris,501981,2018,31,576,654,142,65,28,1,48,175,59,26.8,9.0,.247,.549,.326,.874,.365,
Pham, Tommy,502054,2018,30,494,570,136,91,18,6,21,140,67,24.6,11.8,.275,.464,.367,.830,.359,
Martinez, J.D.,502110,2018,31,569,649,188,106,37,2,43,146,69,22.5,10.6,.330,.629,.402,1.031,.427,
Goldschmidt, Paul,502671,2018,31,593,690,172,99,35,5,33,173,90,25.1,13.0,.290,.533,.388,.921,.390,
Gonzalez, Marwin,503556,2018,29,489,552,121,77,25,3,16,126,53,22.8,9.6,.247,.409,.321,.730,.318,
Altuve, Jose,514888,2018,28,534,599,169,125,29,2,13,79,55,13.2,9.2,.316,.451,.384,.835,.363,
Hernandez, Cesar,514917,2018,28,605,708,153,120,15,3,15,155,95,21.9,13.4,.253,.362,.356,.718,.320,
Segura, Jean,516416,2018,28,586,632,178,136,29,3,10,69,32,10.9,5.1,.304,.415,.339,.753,.327,
Castro, Starlin,516770,2018,28,593,647,165,119,32,2,12,124,48,19.2,7.4,.278,.400,.329,.729,.315,
Marte, Starling,516782,2018,30,559,606,155,98,32,5,20,109,35,18.0,5.8,.277,.460,.327,.786,.337,
Dietrich, Derek,518618,2018,29,499,551,132,88,26,2,16,140,29,25.4,5.3,.265,.421,.330,.751,.326,
Freeman, Freddie,518692,2018,29,618,707,191,120,44,4,23,132,76,18.7,10.7,.309,.505,.388,.892,.378,
Grandal, Yasmani,518735,2018,30,440,518,106,57,23,2,24,124,72,23.9,13.9,.241,.466,.349,.815,.352,
LeMahieu, DJ,518934,2018,30,533,581,147,98,32,2,15,82,37,14.1,6.4,.276,.428,.320,.748,.322,
Moustakas, Mike,519058,2018,30,573,635,144,82,33,1,28,103,49,16.2,7.7,.251,.459,.315,.774,.329,
Rizzo, Anthony,519203,2018,29,566,665,160,105,29,1,25,80,70,12.0,10.5,.283,.470,.376,.846,.359,
Stanton, Giancarlo,519317,2018,29,617,705,164,91,34,1,38,211,70,29.9,9.9,.266,.509,.343,.852,.360,
Galvis, Freddy,520471,2018,29,602,656,149,100,31,5,13,147,45,22.4,6.9,.248,.380,.299,.679,.294,
Perez, Salvador,521692,2018,28,510,544,120,70,23,0,27,108,17,19.9,3.1,.235,.439,.274,.713,.304,
Inciarte, Ender,542255,2018,28,597,660,158,115,27,6,10,86,49,13.0,7.4,.265,.380,.323,.703,.308,
Ozuna, Marcell,542303,2018,28,582,628,163,122,16,2,23,110,38,17.5,6.1,.280,.433,.325,.758,.327,
Villar, Jonathan,542340,2018,27,466,515,121,92,14,1,14,138,41,26.8,8.0,.260,.384,.324,.708,.312,
Aguilar, Jesus,542583,2018,28,492,566,135,75,25,0,35,143,58,25.3,10.2,.274,.539,.352,.890,.374,
Crawford, Brandon,543063,2018,31,531,594,135,91,28,2,14,122,50,20.5,8.4,.254,.394,.325,.719,.306,
Cron, C.J.,543068,2018,28,501,560,127,68,28,1,30,145,37,25.9,6.6,.253,.493,.323,.816,.347,
Hicks, Aaron,543305,2018,29,480,581,119,71,18,3,27,111,90,19.1,15.5,.248,.467,.365,.832,.360,
Hosmer, Eric,543333,2018,29,613,677,155,104,31,2,18,142,62,21.0,9.2,.253,.398,.322,.720,.309,
Kipnis, Jason,543401,2018,31,530,601,122,75,28,1,18,112,60,18.6,10.0,.230,.389,.314,.703,.308,
Rendon, Anthony,543685,2018,28,529,597,163,93,44,2,24,82,55,13.7,9.2,.308,.535,.374,.909,.383,
Semien, Marcus,543760,2018,28,632,703,161,109,35,2,15,131,61,18.6,8.7,.255,.388,.317,.705,.307,
Shaw, Travis,543768,2018,28,498,587,120,65,23,0,32,108,78,18.4,13.3,.241,.480,.344,.824,.351,
Springer III, George,543807,2018,29,544,620,144,96,26,0,22,122,64,19.7,10.3,.265,.434,.344,.777,.340,
Strange-Gordon, Dee,543829,2018,30,556,588,149,120,17,8,4,80,9,13.6,1.5,.268,.349,.284,.633,.277,
Gregorius, Didi,544369,2018,28,504,569,135,80,23,5,27,69,48,12.1,8.4,.268,.494,.334,.828,.350,
Trout, Mike,545361,2018,27,471,608,147,80,24,4,39,124,122,20.4,20.1,.312,.628,.459,1.087,.447,
Herrera, Odubel,546318,2018,27,550,597,140,96,19,3,22,122,38,20.4,6.4,.255,.420,.310,.730,.315,
Harper, Bryce,547180,2018,26,550,695,137,69,34,0,34,169,130,24.3,18.7,.249,.496,.393,.889,.376,
Abreu, Jose,547989,2018,31,499,553,132,73,36,1,22,109,37,19.7,6.7,.265,.473,.325,.798,.337,
Suarez, Eugenio,553993,2018,27,527,606,149,91,22,2,34,142,64,23.4,10.6,.283,.526,.366,.892,.376,
Polanco, Gregory,570256,2018,27,461,535,117,56,32,6,23,117,61,21.9,11.4,.254,.499,.338,.837,.353,
Sanchez, Yolmer,570560,2018,26,600,662,145,93,34,10,8,138,49,20.8,7.4,.242,.372,.305,.677,.297,
Arenado, Nolan,571448,2018,27,590,673,175,97,38,2,38,122,73,18.1,10.8,.297,.561,.373,.934,.391,
Barnhart, Tucker,571466,2018,27,460,522,114,80,21,3,10,96,54,18.4,10.3,.248,.372,.326,.697,.307,
Gennett, Scooter,571697,2018,28,584,638,181,125,30,3,23,125,42,19.6,6.6,.310,.490,.356,.846,.362,
Hamilton, Billy,571740,2018,28,504,556,119,90,16,9,4,132,46,23.7,8.3,.236,.327,.299,.626,.277,
Haniger, Mitch,571745,2018,28,596,683,170,102,38,4,26,148,70,21.7,10.2,.285,.493,.366,.859,.367,
Piscotty, Stephen,572039,2018,27,546,605,146,78,41,0,27,114,42,18.8,6.9,.267,.491,.331,.821,.351,
Seager, Kyle,572122,2018,31,583,630,129,70,36,1,22,138,38,21.9,6.0,.221,.400,.273,.673,.288,
Carpenter, Matt,572761,2018,33,564,677,145,67,42,0,36,158,102,23.3,15.1,.257,.523,.374,.897,.375,
Dickerson, Corey,572816,2018,29,504,533,151,96,35,7,13,80,21,15.0,3.9,.300,.474,.330,.804,.341,
Dozier, Brian,572821,2018,31,553,632,119,66,30,2,21,129,70,20.4,11.1,.215,.391,.305,.696,.304,
Contreras, Willson,575929,2018,26,474,544,118,76,27,5,10,121,53,22.2,9.7,.249,.390,.338,.729,.321,
Castellanos, Nick,592206,2018,26,620,678,185,111,46,5,23,151,49,22.3,7.2,.298,.500,.354,.854,.363,
Healy, Ryon,592387,2018,26,493,524,116,77,15,0,24,113,27,21.6,5.2,.235,.412,.277,.688,.296,
Machado, Manny,592518,2018,26,632,709,188,113,35,3,37,104,70,14.7,9.9,.297,.538,.367,.905,.377,
Realmuto, J.T.,592663,2018,27,477,531,132,78,30,3,21,104,38,19.6,7.2,.277,.484,.339,.823,.353,
Rosario, Eddie,592696,2018,27,559,592,161,104,31,2,24,104,30,17.6,5.1,.288,.479,.323,.802,.340,
Simmons, Andrelton,592743,2018,29,554,600,162,120,26,5,11,44,35,7.3,5.8,.292,.417,.337,.754,.326,
Yelich, Christian,592885,2018,27,574,651,187,110,34,7,36,135,68,20.7,10.4,.326,.598,.402,1.000,.422,
Merrifield, Whit,593160,2018,29,632,707,192,134,43,3,12,114,61,16.1,8.6,.304,.438,.366,.805,.349,
Bogaerts, Xander,593428,2018,26,513,580,148,77,45,3,23,102,55,17.6,9.5,.288,.522,.360,.883,.374,
Calhoun, Kole,594777,2018,31,491,552,102,63,18,2,19,133,53,24.1,9.6,.208,.369,.283,.651,.283,
Profar, Jurickson,595777,2018,25,524,594,133,72,35,6,20,88,54,14.8,9.1,.254,.458,.335,.793,.341,
Baez, Javier,595879,2018,26,606,645,176,93,40,9,34,167,29,25.9,4.5,.290,.554,.326,.880,.366,
Lindor, Francisco,596019,2018,25,661,745,183,101,42,2,38,107,70,14.4,9.4,.277,.519,.350,.869,.368,
Odor, Rougned,596059,2018,24,474,535,120,77,23,2,18,127,43,23.7,8.0,.253,.424,.325,.749,.325,
Story, Trevor,596115,2018,26,598,656,174,89,42,6,37,168,47,25.6,7.2,.291,.567,.348,.914,.384,
Kepler, Max,596146,2018,25,532,611,119,65,30,4,20,96,71,15.7,11.6,.224,.408,.319,.727,.316,
Bradley Jr., Jackie,598265,2018,28,474,535,111,61,33,4,13,137,46,25.6,8.6,.234,.403,.314,.717,.310,
Candelario, Jeimer,600869,2018,25,539,619,121,71,28,3,19,160,66,25.8,10.7,.224,.393,.317,.710,.311,
Ahmed, Nick,605113,2018,28,516,564,121,67,33,5,16,109,40,19.3,7.1,.234,.411,.289,.700,.300,
Anderson, Brian,605119,2018,25,590,670,161,112,34,4,11,129,62,19.3,9.3,.273,.400,.357,.757,.333,
Bell, Josh,605137,2018,26,501,583,131,84,31,4,12,104,77,17.8,13.2,.261,.411,.357,.768,.336,
Betts, Mookie,605141,2018,26,520,614,180,96,47,5,32,91,81,14.8,13.2,.346,.640,.438,1.078,.449,
Smith, Mallex,605480,2018,25,480,544,142,103,27,10,2,98,47,18.0,8.6,.296,.406,.362,.768,.339,
Hernandez, Teoscar,606192,2018,26,476,523,114,56,29,7,22,163,41,31.2,7.8,.239,.468,.302,.771,.328,
Peraza, Jose,606299,2018,24,632,683,182,133,31,4,14,75,29,11.0,4.2,.288,.416,.322,.738,.319,
Marte, Ketel,606466,2018,25,520,580,135,83,26,12,14,79,54,13.6,9.3,.260,.437,.331,.768,.330,
Nimmo, Brandon,607043,2018,25,433,535,114,61,28,8,17,140,80,26.2,15.0,.263,.483,.404,.886,.385,
Turner, Trea,607208,2018,25,664,740,180,128,27,6,19,132,69,17.8,9.3,.271,.416,.343,.759,.331,
Pillar, Kevin,607680,2018,29,512,542,129,72,40,2,15,98,18,18.1,3.3,.252,.426,.282,.708,.302,
Ramirez, Jose,608070,2018,26,578,698,156,75,38,4,39,80,106,11.5,15.2,.270,.552,.387,.939,.391,
Bregman, Alex,608324,2018,24,594,705,170,87,51,1,31,85,96,12.1,13.6,.286,.532,.394,.926,.396,
Gallo, Joey,608336,2018,25,500,577,103,38,24,1,40,207,74,35.9,12.8,.206,.498,.312,.810,.343,
Mazara, Nomar,608577,2018,23,489,536,126,80,25,1,20,116,40,21.6,7.5,.258,.436,.317,.753,.324,
Andujar, Miguel,609280,2018,23,573,606,170,94,47,2,27,97,25,16.0,4.1,.297,.527,.328,.855,.361,
Swanson, Dansby,621020,2018,24,478,533,114,71,25,4,14,122,44,22.9,8.3,.238,.395,.300,.696,.293,
Taylor, Chris,621035,2018,28,536,604,136,76,35,8,17,178,55,29.5,9.1,.254,.444,.331,.775,.335,
Wendle, Joey,621563,2018,28,487,545,146,100,33,6,7,96,37,17.6,6.8,.300,.435,.352,.788,.338,
Olson, Matt,621566,2018,24,580,660,143,81,33,0,29,163,70,24.7,10.6,.247,.453,.335,.788,.340,
Duffy, Matt,622110,2018,27,503,560,148,121,22,1,4,93,47,16.6,8.4,.294,.366,.361,.727,.323,
Margot, Manuel,622534,2018,24,477,519,117,75,26,8,8,88,32,17.0,6.2,.245,.384,.291,.675,.288,
Camargo, Johan,622666,2018,25,464,524,126,79,27,1,19,108,51,20.6,9.7,.272,.457,.349,.806,.346,
Conforto, Michael,624424,2018,25,543,638,132,78,25,1,28,159,84,24.9,13.2,.243,.448,.350,.797,.342,
Anderson, Tim,641313,2018,25,567,606,136,85,28,3,20,149,30,24.6,5.0,.240,.406,.281,.686,.294,
Bellinger, Cody,641355,2018,23,557,632,145,85,28,7,25,151,69,23.9,10.9,.260,.470,.343,.814,.345,
Mancini III, Trey,641820,2018,26,582,636,141,91,23,3,24,153,44,24.1,6.9,.242,.416,.299,.715,.308,
Rosario, Amed,642708,2018,23,554,592,142,99,26,8,9,119,29,20.1,4.9,.256,.381,.294,.675,.290,
Benintendi, Andrew,643217,2018,24,579,661,168,105,41,6,16,106,71,16.0,10.7,.290,.465,.365,.829,.357,
Albies, Ozzie,645277,2018,21,639,684,167,98,40,5,24,116,36,17.0,5.3,.261,.452,.304,.756,.324,
Chapman, Matt,656305,2018,25,547,616,152,80,42,6,24,146,58,23.7,9.4,.278,.508,.356,.864,.369,
Hoskins, Rhys,656555,2018,25,558,660,137,65,38,0,34,150,87,22.7,13.2,.246,.496,.353,.849,.364,
Schwarber, Kyle,656941,2018,25,428,510,102,59,14,3,26,140,78,27.5,15.3,.238,.467,.355,.822,.343,
Moncada, Yoan,660162,2018,23,578,650,136,81,32,6,17,217,67,33.4,10.3,.235,.400,.314,.714,.311,
Cabrera, Miguel,408234,2021,38,472,526,121,90,16,0,15,118,40,22.4,7.6,.256,.386,.316,.701,.305,
Cruz Jr., Nelson,443558,2021,41,513,584,136,82,21,1,32,126,51,21.6,8.7,.265,.497,.332,.829,.346,
Peralta, David,444482,2021,34,487,538,126,80,30,8,8,92,46,17.1,8.6,.259,.402,.325,.728,.314,
Blackmon, Charlie,453568,2021,35,514,582,139,97,25,4,13,91,54,15.6,9.3,.270,.411,.351,.761,.333,
McCutchen, Andrew,457705,2021,35,482,574,107,55,24,1,27,132,81,23.0,14.1,.222,.444,.334,.778,.335,
Turner, Justin,457759,2021,37,533,612,148,99,22,0,27,98,61,16.0,10.0,.278,.471,.361,.832,.358,
Votto, Joey,458015,2021,38,448,533,119,59,23,1,36,127,77,23.8,14.4,.266,.563,.375,.938,.391,
Andrus, Elvis,462101,2021,33,497,541,121,91,25,2,3,81,31,15.0,5.7,.243,.320,.292,.612,.270,
Santana, Carlos,467793,2021,35,565,659,121,87,15,0,19,102,86,15.5,13.1,.214,.342,.319,.660,.294,
Lowrie, Jed,476704,2021,37,457,512,112,70,28,0,14,108,49,21.1,9.6,.245,.398,.318,.717,.311,
Brantley Jr., Michael,488726,2021,34,469,508,146,106,29,3,8,53,33,10.4,6.5,.311,.437,.362,.799,.347,
Gurriel, Yuli,493329,2021,37,530,605,169,123,31,0,15,68,59,11.2,9.8,.319,.462,.383,.846,.363,
Rojas, Miguel,500743,2021,32,495,539,131,89,30,3,9,74,37,13.7,6.9,.265,.392,.321,.713,.311,
Escobar, Eduardo,500871,2021,32,549,599,139,80,26,5,28,124,48,20.7,8.0,.253,.472,.314,.786,.334,
Pham, Tommy,502054,2021,33,475,561,109,68,24,2,15,128,78,22.8,13.9,.229,.383,.340,.724,.318,
Martinez, J.D.,502110,2021,34,570,634,163,90,42,3,28,150,55,23.7,8.7,.286,.518,.349,.866,.364,
Goldschmidt, Paul,502671,2021,34,603,679,177,108,36,2,31,136,67,20.0,9.9,.294,.514,.365,.879,.373,
Altuve, Jose,514888,2021,31,601,678,167,103,32,1,31,91,66,13.4,9.7,.278,.489,.350,.839,.357,
Hernandez, Cesar,514917,2021,31,570,637,132,88,21,2,21,135,59,21.2,9.3,.232,.386,.308,.694,.302,
Segura, Jean,516416,2021,31,514,567,149,105,27,3,14,78,39,13.8,6.9,.290,.436,.347,.783,.338,
Marte, Starling,516782,2021,33,467,526,145,103,27,3,12,99,43,18.8,8.2,.310,.458,.382,.840,.364,
Donaldson, Josh,518626,2021,36,457,543,113,61,26,0,26,114,74,21.0,13.6,.247,.475,.352,.827,.353,
Freeman, Freddie,518692,2021,32,600,695,180,122,25,2,31,107,85,15.4,12.2,.300,.503,.393,.896,.379,
LeMahieu, DJ,518934,2021,33,597,679,160,125,24,1,10,94,73,13.8,10.8,.268,.362,.349,.711,.315,
Rizzo, Anthony,519203,2021,32,496,576,123,75,23,3,22,87,52,15.1,9.0,.248,.440,.344,.783,.339,
Stanton, Giancarlo,519317,2021,32,510,579,139,85,19,0,35,157,63,27.1,10.9,.273,.516,.354,.870,.370,
Perez, Salvador,521692,2021,31,620,665,169,97,24,0,48,170,28,25.6,4.2,.273,.544,.316,.859,.359,
Garcia, Avisail,541645,2021,30,461,515,121,74,18,0,29,121,38,23.5,7.4,.262,.490,.330,.820,.346,
Villar, Jonathan,542340,2021,30,454,505,113,75,18,2,18,132,46,26.1,9.1,.249,.416,.321,.737,.320,
Aguilar, Jesus,542583,2021,31,449,510,117,72,23,0,22,93,46,18.2,9.0,.261,.459,.325,.784,.334,
Crawford, Brandon,543063,2021,34,483,549,144,87,30,3,24,105,56,19.1,10.2,.298,.522,.373,.895,.377,
Cron, C.J.,543068,2021,31,470,547,132,72,31,1,28,117,60,21.4,11.0,.281,.530,.375,.905,.383,
Grossman, Robbie,543257,2021,32,557,671,133,84,23,3,23,155,98,23.1,14.6,.239,.415,.356,.771,.337,
Harrison, Josh,543281,2021,34,505,558,141,98,33,2,8,75,31,13.4,5.6,.279,.400,.341,.741,.325,
Hosmer, Eric,543333,2021,32,509,565,137,97,28,0,12,99,48,17.5,8.5,.269,.395,.336,.731,.319,
Semien, Marcus,543760,2021,31,652,724,173,87,39,2,45,146,66,20.2,9.1,.265,.538,.334,.873,.368,
Grichuk, Randal,545341,2021,30,511,545,123,75,25,1,22,114,27,20.9,5.0,.241,.423,.281,.703,.300,
Harper, Bryce,547180,2021,29,488,599,151,73,42,1,35,134,100,22.4,16.7,.309,.615,.427,1.042,.431,
Abreu, Jose,547989,2021,34,566,659,148,86,30,2,30,143,61,21.7,9.3,.261,.481,.351,.831,.354,
Suarez, Eugenio,553993,2021,30,505,574,100,46,23,0,31,171,56,29.8,9.8,.198,.428,.286,.713,.306,
Schoop, Jonathan,570731,2021,30,623,674,173,120,30,1,22,133,37,19.7,5.5,.278,.435,.320,.755,.324,
Arenado, Nolan,571448,2021,30,593,653,151,80,34,3,34,96,50,14.7,7.7,.255,.494,.312,.807,.336,
Farmer, Kyle,571657,2021,31,483,529,127,87,22,2,16,97,22,18.3,4.2,.263,.416,.316,.732,.316,
Haniger, Mitch,571745,2021,31,620,691,157,93,23,2,39,169,54,24.5,7.8,.253,.485,.318,.804,.340,
Hernandez, Enrique,571771,2021,30,508,585,127,69,35,3,20,110,61,18.8,10.4,.250,.449,.337,.786,.338,
Muncy, Max,571970,2021,31,497,592,124,60,26,2,36,120,83,20.3,14.0,.249,.527,.368,.895,.379,
Seager, Kyle,572122,2021,34,603,670,128,63,29,1,35,161,59,24.0,8.8,.212,.438,.285,.723,.308,
Taylor, Michael A.,572191,2021,30,483,528,118,89,16,1,12,144,33,27.3,6.3,.244,.356,.295,.652,.286,
Yastrzemski, Mike,573262,2021,31,468,532,105,49,28,3,25,131,51,24.6,9.6,.224,.457,.310,.767,.326,
Iglesias, Jose,578428,2021,31,483,511,131,93,27,2,9,75,21,14.7,4.1,.271,.391,.309,.701,.304,
Bryant, Kris,592178,2021,29,513,586,136,77,32,2,25,135,62,23.0,10.6,.265,.481,.353,.835,.356,
Canha, Mark,592192,2021,32,519,625,120,77,22,4,17,128,77,20.5,12.3,.231,.387,.358,.746,.333,
Castellanos, Nick,592206,2021,29,531,585,164,91,38,1,34,121,41,20.7,7.0,.309,.576,.362,.939,.391,
Judge, Aaron,592450,2021,29,550,633,158,95,24,0,39,158,75,25.0,11.8,.287,.544,.373,.916,.387,
Machado, Manny,592518,2021,29,564,640,157,96,31,2,28,102,63,15.9,9.8,.278,.489,.347,.836,.350,
Realmuto, J.T.,592663,2021,30,476,537,125,79,25,4,17,129,48,24.0,8.9,.263,.439,.343,.782,.336,
Renfroe, Hunter,592669,2021,29,521,572,135,71,33,0,31,130,44,22.7,7.7,.259,.501,.315,.816,.344,
Merrifield, Whit,593160,2021,32,664,720,184,129,42,3,10,103,40,14.3,5.6,.277,.395,.317,.711,.306,
Bogaerts, Xander,593428,2021,29,529,603,156,98,34,1,23,113,62,18.7,10.3,.295,.493,.370,.863,.368,
Polanco, Jorge,593871,2021,28,588,644,158,88,35,2,33,118,45,18.3,7.0,.269,.503,.323,.826,.349,
Sano, Miguel,593934,2021,28,470,532,105,51,24,0,30,183,59,34.4,11.1,.223,.466,.312,.778,.332,
Duvall, Adam,594807,2021,33,513,555,117,60,17,2,38,174,35,31.4,6.3,.228,.491,.281,.772,.324,
Baez, Javier,595879,2021,29,502,547,133,82,18,2,31,184,28,33.6,5.1,.265,.494,.318,.812,.344,
Lindor, Francisco,596019,2021,28,452,524,104,65,16,3,20,96,58,18.3,11.1,.230,.412,.319,.730,.317,
Story, Trevor,596115,2021,29,526,595,132,69,34,5,24,139,53,23.4,8.9,.251,.471,.329,.801,.341,
Candelario, Jeimer,600869,2021,28,557,626,151,90,42,3,16,135,65,21.6,10.4,.271,.443,.351,.795,.344,
Bell, Josh,605137,2021,29,498,568,130,78,24,1,27,101,65,17.8,11.4,.261,.476,.347,.823,.352,
Betts, Mookie,605141,2021,29,466,550,123,68,29,3,23,86,68,15.6,12.4,.264,.487,.367,.854,.365,
Tapia, Raimel,606132,2021,27,487,533,133,99,26,2,6,70,40,13.1,7.5,.273,.372,.326,.698,.305,
Hernandez, Teoscar,606192,2021,29,550,595,163,102,29,0,32,148,36,24.9,6.1,.296,.524,.346,.870,.369,
Turner, Trea,607208,2021,28,595,646,195,130,34,3,28,110,41,17.0,6.3,.328,.536,.375,.911,.386,
Ramirez, Jose,608070,2021,29,552,636,147,74,32,5,36,87,72,13.7,11.3,.266,.538,.355,.893,.372,
Gallo, Joey,608336,2021,28,498,616,99,47,13,1,38,213,111,34.6,18.0,.199,.458,.351,.808,.348,
Swanson, Dansby,621020,2021,27,588,653,146,84,33,2,27,167,52,25.6,8.0,.248,.449,.311,.760,.322,
Newman, Kevin,621028,2021,28,517,554,117,87,22,3,5,41,27,7.4,4.9,.226,.309,.262,.571,.249,
Taylor, Chris,621035,2021,31,507,582,129,80,25,4,20,167,63,28.7,10.8,.254,.438,.344,.782,.338,
Correa, Carlos,621043,2021,27,555,640,155,94,34,1,26,116,75,18.1,11.7,.279,.485,.366,.850,.364,
Olson, Matt,621566,2021,27,565,673,153,79,35,0,39,113,88,16.8,13.1,.271,.540,.371,.911,.379,
Alonso, Pete,624413,2021,27,561,637,147,80,27,3,37,127,60,19.9,9.4,.262,.519,.344,.863,.363,
Frazier, Adam,624428,2021,30,577,639,176,130,36,5,5,69,48,10.8,7.5,.305,.411,.366,.777,.341,
Soler, Jorge,624585,2021,29,516,602,115,61,27,0,27,142,67,23.6,11.1,.223,.432,.312,.744,.323,
Cronenworth, Jake,630105,2021,27,567,643,151,90,33,7,21,90,55,14.0,8.6,.266,.460,.336,.796,.341,
Meadows, Austin,640457,2021,26,518,591,121,62,29,3,27,122,59,20.6,10.0,.234,.458,.315,.772,.327,
Anderson, Tim,641313,2021,28,527,551,163,115,29,2,17,119,22,21.6,4.0,.309,.469,.338,.806,.345,
Crawford, J.P.,641487,2021,26,619,687,169,123,37,0,9,114,58,16.6,8.4,.273,.376,.338,.714,.314,
Dozier, Hunter,641531,2021,30,487,543,105,56,27,6,16,154,43,28.4,7.9,.216,.394,.285,.680,.293,
Mancini III, Trey,641820,2021,29,556,616,142,87,33,1,21,143,51,23.2,8.3,.255,.432,.326,.758,.326,
McMahon, Ryan,641857,2021,27,528,596,134,78,32,1,23,147,59,24.7,9.9,.254,.449,.331,.779,.334,
O'Neill, Tyler,641933,2021,26,482,537,138,76,26,2,34,168,38,31.3,7.1,.286,.560,.352,.912,.384,
Rosario, Amed,642708,2021,26,550,588,155,113,25,6,11,120,31,20.4,5.3,.282,.409,.321,.731,.315,
Adames, Willy,642715,2021,26,497,555,130,72,32,1,25,156,57,28.1,10.3,.262,.481,.337,.818,.349,
Benintendi, Andrew,643217,2021,27,493,538,136,90,27,2,17,97,36,18.0,6.7,.276,.442,.323,.766,.328,
Kiner-Falefa, Isiah,643396,2021,26,635,677,172,136,25,3,8,90,28,13.3,4.1,.271,.357,.312,.669,.293,
Albies, Ozzie,645277,2021,24,629,686,163,86,40,7,30,128,47,18.7,6.9,.259,.488,.310,.799,.336,
Devers, Rafael,646240,2021,25,591,664,165,89,37,1,38,143,62,21.5,9.3,.279,.538,.352,.890,.373,
Urias, Luis,649966,2021,24,490,570,122,73,25,1,23,116,63,20.4,11.1,.249,.445,.342,.787,.340,
Torres, Gleyber,650402,2021,25,459,516,119,88,22,0,9,104,50,20.2,9.7,.259,.366,.329,.695,.307,
Diaz, Yandy,650490,2021,30,465,541,119,85,20,1,13,85,69,15.7,12.8,.256,.387,.353,.740,.325,
Chapman, Matt,656305,2021,28,529,622,111,66,15,3,27,202,80,32.5,12.9,.210,.403,.314,.716,.311,
Mullins II, Cedric,656775,2021,27,602,675,175,103,37,5,30,125,59,18.5,8.7,.291,.518,.359,.877,.372,
Smith, Pavin,656976,2021,25,498,545,133,91,27,4,11,106,42,19.4,7.7,.267,.404,.328,.732,.318,
Verdugo, Alex,657077,2021,25,544,604,157,110,32,2,13,96,51,15.9,8.4,.289,.426,.351,.777,.334,
Moncada, Yoan,660162,2021,26,520,616,137,89,33,1,14,157,84,25.5,13.6,.263,.412,.375,.787,.347,
Ohtani, Shohei,660271,2021,27,537,639,138,58,26,8,46,189,96,29.6,15.0,.257,.592,.372,.965,.393,
Riley, Austin,663586,2021,24,590,662,179,112,33,1,33,168,52,25.4,7.9,.303,.531,.367,.898,.379,
Mountcastle, Ryan,663624,2021,24,534,586,136,79,23,1,33,161,41,27.5,7.0,.255,.487,.309,.796,.335,
Tucker, Kyle,663656,2021,24,506,567,149,79,37,3,30,90,53,15.9,9.3,.294,.557,.358,.915,.383,
India, Jonathan,663697,2021,25,532,631,143,86,34,2,21,141,71,22.3,11.3,.269,.459,.376,.834,.363,
Grisham, Trent,663757,2021,25,462,527,112,66,28,3,15,119,54,22.6,10.2,.242,.413,.326,.740,.320,
Lowe, Nathaniel,663993,2021,26,557,642,147,102,24,3,18,162,80,25.2,12.5,.264,.415,.357,.771,.337,
Happ, Ian,664023,2021,27,465,535,105,59,20,1,25,156,62,29.2,11.6,.226,.434,.321,.756,.328,
France, Ty,664034,2021,27,571,650,166,115,32,1,18,106,46,16.3,7.1,.291,.445,.368,.813,.353,
Lowe, Brandon,664040,2021,27,535,615,132,62,31,0,39,167,68,27.2,11.1,.247,.523,.340,.863,.363,
Fletcher, David,664058,2021,27,626,665,164,132,27,3,2,60,31,9.0,4.7,.262,.324,.295,.619,.273,
Straw, Myles,664702,2021,27,564,638,153,119,29,1,4,121,67,19.0,10.5,.271,.348,.348,.695,.311,
Walsh, Jared,665120,2021,28,530,585,147,83,34,1,29,152,48,26.0,8.2,.277,.509,.340,.850,.357,
Tatis Jr., Fernando,665487,2021,22,478,546,135,62,31,0,42,153,62,28.0,11.4,.282,.611,.364,.975,.403,
Guerrero Jr., Vladimir,665489,2021,22,604,698,188,110,29,1,48,110,86,15.8,12.3,.311,.601,.401,1.002,.419,
Soto, Juan,665742,2021,23,502,654,157,106,20,2,29,93,145,14.2,22.2,.313,.534,.465,.999,.420,
Chisholm Jr., Jazz,665862,2021,23,464,507,115,73,20,4,18,145,34,28.6,6.7,.248,.425,.302,.726,.312,
Bichette, Bo,666182,2021,23,640,690,191,131,30,1,29,137,40,19.9,5.8,.298,.484,.343,.828,.354,
Carlson, Dylan,666185,2021,23,542,619,144,91,31,4,18,152,57,24.6,9.2,.266,.437,.342,.780,.336,
Garcia, Adolis,666969,2021,28,581,622,141,82,26,2,31,194,32,31.2,5.1,.243,.454,.286,.741,.314,
Gurriel Jr., Lourdes,666971,2021,28,500,541,138,87,28,2,21,102,32,18.9,5.9,.276,.466,.318,.784,.333,
Arozarena, Randy,668227,2021,26,529,604,145,90,32,3,20,170,56,28.1,9.3,.274,.459,.356,.815,.350,
Reynolds, Bryan,668804,2021,26,559,646,169,102,35,8,24,119,75,18.4,11.6,.302,.522,.390,.912,.385,
Rojas, Josh,668942,2021,27,484,550,128,82,32,3,11,137,58,24.9,10.5,.264,.411,.338,.749,.327,
Edman, Tommy,669242,2021,26,641,691,168,113,41,3,11,95,38,13.7,5.5,.262,.387,.307,.694,.301,
Solak, Nick,669256,2021,26,458,511,111,80,18,2,11,107,34,20.9,6.7,.242,.362,.313,.676,.299,
Hays, Austin,669720,2021,26,488,529,125,73,26,4,22,107,28,20.2,5.3,.256,.461,.306,.767,.328,
Lopez, Nicky,670032,2021,26,497,565,149,120,21,6,2,74,49,13.1,8.7,.300,.378,.358,.736,.329,
Alvarez, Yordan,670541,2021,24,537,598,149,80,35,1,33,145,50,24.2,8.4,.277,.531,.346,.877,.370,
Pujols, Albert,405395,2019,39,491,545,120,75,22,0,23,68,43,12.5,7.9,.244,.430,.305,.734,.308,
Cabrera, Miguel,408234,2019,36,493,549,139,106,21,0,12,108,48,19.7,8.7,.282,.398,.346,.744,.318,
Choo, Shin-Soo,425783,2019,37,563,660,149,92,31,2,24,165,78,25.0,11.8,.265,.455,.371,.826,.353,
Jones, Adam,430945,2019,34,485,528,126,84,25,1,16,101,31,19.1,5.9,.260,.414,.313,.727,.308,
Cruz Jr., Nelson,443558,2019,39,454,521,141,74,26,0,41,131,56,25.1,10.7,.311,.639,.392,1.030,.418,
Longoria, Evan,446334,2019,34,453,508,115,74,19,2,20,112,43,22.0,8.5,.254,.437,.325,.762,.322,
Fowler, Dexter,451594,2019,33,487,574,116,72,24,1,19,142,74,24.7,12.9,.238,.409,.345,.754,.326,
Cabrera, Asdrubal,452678,2019,34,447,514,116,72,25,1,18,103,57,20.0,11.1,.260,.441,.342,.783,.331,
Blackmon, Charlie,453568,2019,33,580,634,182,101,42,7,32,104,40,16.4,6.3,.314,.576,.364,.940,.387,
Cain, Lorenzo,456715,2019,33,562,623,146,105,30,0,11,106,50,17.0,8.0,.260,.372,.324,.696,.302,
Turner, Justin,457759,2019,35,479,549,139,88,24,0,27,88,51,16.0,9.3,.290,.509,.372,.881,.370,
Votto, Joey,458015,2019,36,525,608,137,89,32,1,15,123,76,20.2,12.5,.261,.411,.357,.768,.332,
Gardner, Brett,458731,2019,36,491,550,123,62,26,7,28,108,52,19.6,9.5,.251,.503,.325,.829,.344,
Braun, Ryan,460075,2019,36,459,508,131,76,31,2,22,105,34,20.7,6.7,.285,.505,.341,.846,.354,
Gordon, Alex,460086,2019,35,556,633,148,103,31,1,13,100,51,15.8,8.1,.266,.396,.344,.740,.319,
Andrus, Elvis,462101,2019,31,600,648,165,122,27,4,12,96,34,14.8,5.2,.275,.393,.313,.707,.300,
Ramos, Wilson,467092,2019,32,473,524,136,103,19,0,14,69,44,13.2,8.4,.288,.416,.351,.768,.327,
Santana, Carlos,467793,2019,33,573,686,161,96,30,1,34,108,108,15.7,15.7,.281,.515,.397,.911,.380,
Belt, Brandon,474832,2019,31,526,616,123,71,32,3,17,127,83,20.6,13.5,.234,.403,.339,.742,.319,
Brantley Jr., Michael,488726,2019,32,575,637,179,115,40,2,22,66,51,10.4,8.0,.311,.503,.372,.875,.367,
Gurriel, Yuli,493329,2019,35,564,612,168,95,40,2,31,65,37,10.6,6.0,.298,.541,.343,.884,.364,
Rojas, Miguel,500743,2019,30,483,526,137,102,29,1,5,62,32,11.8,6.1,.284,.379,.331,.710,.305,
Escobar, Eduardo,500871,2019,30,636,699,171,97,29,10,35,130,50,18.6,7.2,.269,.511,.320,.831,.341,
Davis, Khris,501981,2019,32,481,533,106,72,11,0,23,146,47,27.4,8.8,.220,.387,.293,.679,.289,
Pham, Tommy,502054,2019,31,567,654,155,99,33,2,21,123,81,18.8,12.4,.273,.450,.369,.818,.349,
Martinez, J.D.,502110,2019,32,575,657,175,104,33,2,36,138,72,21.0,11.0,.304,.557,.382,.939,.386,
Reddick, Josh,502210,2019,32,501,550,138,102,19,3,14,66,36,12.0,6.5,.275,.409,.316,.726,.308,
Goldschmidt, Paul,502671,2019,32,597,682,155,95,25,1,34,166,78,24.3,11.4,.260,.476,.345,.820,.346,
Altuve, Jose,514888,2019,29,500,548,149,88,27,3,31,82,41,15.0,7.5,.298,.550,.352,.902,.374,
Hernandez, Cesar,514917,2019,29,612,667,171,123,31,3,14,100,45,15.0,6.7,.279,.408,.333,.741,.315,
Segura, Jean,516416,2019,29,576,618,161,108,37,4,12,73,30,11.8,4.9,.280,.420,.322,.742,.315,
Castro, Starlin,516770,2019,29,636,676,172,115,31,4,22,111,28,16.4,4.1,.270,.436,.300,.736,.307,
Marte, Starling,516782,2019,31,539,586,159,99,31,6,23,94,25,16.0,4.3,.295,.503,.341,.844,.353,
Donaldson, Josh,518626,2019,34,549,659,142,72,33,0,37,155,100,23.5,15.2,.259,.521,.379,.900,.377,
Freeman, Freddie,518692,2019,30,597,692,176,102,34,2,38,127,87,18.4,12.6,.295,.549,.389,.938,.387,
Grandal, Yasmani,518735,2019,31,513,632,126,70,26,2,28,139,109,22.0,17.2,.246,.468,.380,.848,.361,
Heyward, Jason,518792,2019,30,513,589,129,84,20,4,21,110,68,18.7,11.5,.251,.429,.343,.772,.328,
LeMahieu, DJ,518934,2019,31,602,655,197,136,33,2,26,90,46,13.7,7.0,.327,.518,.374,.892,.375,
Moustakas, Mike,519058,2019,31,523,584,133,67,30,1,35,98,53,16.8,9.1,.254,.516,.329,.845,.348,
Rizzo, Anthony,519203,2019,30,512,613,150,91,29,3,27,86,71,14.0,11.6,.293,.520,.405,.924,.390,
Galvis, Freddy,520471,2019,30,557,589,145,93,28,1,23,145,28,24.6,4.8,.260,.438,.295,.733,.308,
Garcia, Avisail,541645,2019,28,489,530,138,91,25,2,20,125,31,23.6,5.8,.282,.464,.332,.796,.334,
Ozuna, Marcell,542303,2019,29,485,549,117,64,23,1,29,114,62,20.8,11.3,.241,.472,.328,.800,.336,
Villar, Jonathan,542340,2019,28,642,714,176,114,33,5,24,176,61,24.6,8.5,.274,.453,.338,.791,.335,
Santana, Danny,542454,2019,29,474,511,134,77,23,6,28,151,25,29.5,4.9,.283,.534,.323,.857,.352,
Crawford, Brandon,543063,2019,32,500,560,114,77,24,2,11,117,53,20.9,9.5,.228,.350,.304,.654,.281,
Hosmer, Eric,543333,2019,30,619,667,164,111,29,2,22,163,40,24.4,6.0,.265,.425,.310,.735,.309,
Kipnis, Jason,543401,2019,32,458,511,112,71,23,1,17,88,40,17.2,7.8,.245,.410,.301,.712,.301,
Rendon, Anthony,543685,2019,29,545,646,174,93,44,3,34,86,80,13.3,12.4,.319,.598,.412,1.010,.413,
Semien, Marcus,543760,2019,29,657,747,187,104,43,7,33,102,87,13.7,11.6,.285,.522,.369,.892,.373,
Springer III, George,543807,2019,30,479,556,140,78,20,3,39,113,67,20.3,12.1,.292,.591,.383,.974,.400,
Vazquez, Christian,543877,2019,29,482,521,133,83,26,1,23,101,33,19.4,6.3,.276,.477,.319,.796,.331,
Wong, Kolten,543939,2019,29,478,549,136,96,25,4,11,83,47,15.1,8.6,.285,.423,.357,.780,.334,
Garcia, Leury,544725,2019,28,577,618,161,123,27,3,8,139,21,22.5,3.4,.279,.378,.304,.682,.294,
Grichuk, Randal,545341,2019,28,586,628,136,71,29,5,31,163,35,26.0,5.6,.232,.457,.280,.738,.307,
Trout, Mike,545361,2019,28,470,600,137,63,27,2,45,120,110,20.0,18.3,.291,.645,.438,1.083,.436,
Harper, Bryce,547180,2019,27,573,682,149,77,36,1,35,178,99,26.1,14.5,.260,.510,.372,.882,.365,
Abreu, Jose,547989,2019,32,634,693,180,108,38,1,33,152,36,21.9,5.2,.284,.503,.330,.834,.344,
Suarez, Eugenio,553993,2019,28,575,662,156,83,22,2,49,189,70,28.5,10.6,.271,.572,.358,.930,.381,
Santana, Domingo,570267,2019,27,451,507,114,72,20,1,21,164,50,32.3,9.9,.253,.441,.327,.769,.326,
Sanchez, Yolmer,570560,2019,27,496,555,125,99,20,4,2,117,44,21.1,7.9,.252,.321,.314,.634,.281,
Arenado, Nolan,571448,2019,28,588,662,185,111,31,2,41,93,62,14.0,9.4,.315,.583,.379,.962,.392,
Muncy, Max,571970,2019,29,487,589,122,64,22,1,35,149,90,25.3,15.3,.251,.515,.374,.889,.372,
Voit III, Luke,572228,2019,28,429,510,113,70,21,1,21,142,71,27.8,13.9,.263,.464,.378,.842,.360,
Walker, Christian,572233,2019,28,529,603,137,81,26,1,29,155,67,25.7,11.1,.259,.476,.348,.825,.346,
Iglesias, Jose,578428,2019,29,504,530,145,110,21,3,11,70,20,13.2,3.8,.288,.407,.317,.724,.306,
Bryant, Kris,592178,2019,27,543,634,153,86,35,1,31,145,74,22.9,11.7,.282,.521,.382,.903,.379,
Castellanos, Nick,592206,2019,27,615,664,178,90,58,3,27,143,41,21.5,6.2,.289,.525,.337,.863,.357,
Machado, Manny,592518,2019,27,587,661,150,95,21,2,32,128,65,19.4,9.8,.256,.462,.334,.796,.335,
Moran, Colin,592567,2019,27,466,503,129,85,30,1,13,117,30,23.3,6.0,.277,.429,.322,.751,.315,
Pederson, Joc,592626,2019,27,450,514,112,57,16,3,36,111,50,21.6,9.7,.249,.538,.339,.876,.362,
Realmuto, J.T.,592663,2019,28,538,593,148,84,36,3,25,123,41,20.7,6.9,.275,.493,.327,.820,.340,
Rosario, Eddie,592696,2019,28,562,590,155,94,28,1,32,86,22,14.6,3.7,.276,.500,.300,.800,.329,
Yelich, Christian,592885,2019,28,489,580,161,85,29,3,44,118,80,20.3,13.8,.329,.671,.429,1.100,.442,
Merrifield, Whit,593160,2019,30,681,735,206,139,41,10,16,126,45,17.1,6.1,.302,.463,.348,.811,.340,
Bogaerts, Xander,593428,2019,27,614,698,190,105,52,0,33,122,76,17.5,10.9,.309,.555,.384,.939,.390,
Alberto, Hanser,593643,2019,27,524,550,160,125,21,2,12,50,16,9.1,2.9,.305,.422,.327,.749,.318,
Polanco, Jorge,593871,2019,26,631,704,186,117,40,7,22,116,60,16.5,8.5,.295,.485,.355,.840,.352,
Calhoun, Kole,594777,2019,32,552,632,128,65,29,1,33,162,70,25.6,11.1,.232,.467,.324,.792,.330,
Eaton, Adam,594809,2019,31,566,656,158,111,25,7,15,106,65,16.2,9.9,.279,.428,.360,.787,.342,
Profar, Jurickson,595777,2019,26,459,518,100,54,24,2,20,75,48,14.5,9.3,.218,.410,.301,.711,.301,
Baez, Javier,595879,2019,27,531,561,149,78,38,4,29,156,28,27.8,5.0,.281,.531,.316,.847,.347,
Lindor, Francisco,596019,2019,26,598,654,170,96,40,2,32,98,46,15.0,7.0,.284,.518,.335,.853,.349,
Odor, Rougned,596059,2019,25,522,581,107,46,30,1,30,178,52,30.6,9.0,.205,.439,.282,.721,.302,
Story, Trevor,596115,2019,27,588,656,173,95,38,5,35,174,58,26.5,8.8,.294,.554,.363,.917,.380,
Vogelbach, Daniel,596129,2019,27,462,558,96,49,17,0,30,149,92,26.7,16.5,.208,.439,.341,.780,.333,
Kepler, Max,596146,2019,26,524,596,132,64,32,0,36,99,60,16.6,10.1,.252,.519,.336,.855,.355,
Bradley Jr., Jackie,598265,2019,29,494,567,111,59,28,3,21,155,56,27.3,9.9,.225,.421,.316,.737,.314,
Nunez, Renato,600524,2019,25,541,599,132,77,24,0,31,143,44,23.9,7.3,.244,.460,.311,.771,.323,
Ahmed, Nick,605113,2019,29,556,625,141,83,33,6,19,113,52,18.1,8.3,.254,.437,.315,.752,.315,
Anderson, Brian,605119,2019,26,459,520,120,66,33,1,20,114,44,21.9,8.5,.261,.468,.342,.811,.342,
Bell, Josh,605137,2019,27,527,613,146,69,37,3,37,118,74,19.2,12.1,.277,.569,.367,.936,.378,
Betts, Mookie,605141,2019,27,597,706,176,102,40,5,29,101,97,14.3,13.7,.295,.524,.391,.915,.380,
Smith, Mallex,605480,2019,26,510,566,116,82,19,9,6,141,42,24.9,7.4,.227,.335,.299,.634,.278,
Arcia, Orlando,606115,2019,25,494,546,110,78,16,1,15,109,43,20.0,7.9,.223,.350,.282,.632,.269,
Marte, Ketel,606466,2019,26,569,628,187,110,36,9,32,86,53,13.7,8.4,.329,.592,.389,.981,.405,
Turner, Trea,607208,2019,26,521,569,155,94,37,5,19,113,43,19.9,7.6,.298,.497,.353,.850,.356,
Pillar, Kevin,607680,2019,30,611,645,158,97,37,3,21,89,18,13.8,2.8,.259,.432,.287,.719,.298,
Ramirez, Jose,608070,2019,27,482,542,123,64,33,3,23,74,52,13.7,9.6,.255,.479,.327,.806,.334,
Bregman, Alex,608324,2019,25,554,690,164,84,37,2,41,83,119,12.0,17.2,.296,.592,.423,1.015,.418,
Seager, Corey,608369,2019,25,489,541,133,69,44,1,19,98,44,18.1,8.1,.272,.483,.335,.817,.340,
Reyes, Franmil,614177,2019,24,494,548,123,67,19,0,37,156,47,28.5,8.6,.249,.512,.310,.822,.338,
Swanson, Dansby,621020,2019,25,483,545,121,75,26,3,17,124,51,22.8,9.4,.251,.422,.325,.747,.317,
Newman, Kevin,621028,2019,26,493,531,152,114,20,6,12,62,28,11.7,5.3,.308,.446,.352,.798,.339,
Olson, Matt,621566,2019,25,483,547,129,67,26,0,36,138,51,25.2,9.3,.267,.545,.351,.896,.368,
Alonso, Pete,624413,2019,25,597,693,155,70,30,2,53,183,72,26.4,10.4,.260,.583,.358,.941,.384,
Conforto, Michael,624424,2019,26,549,648,141,78,29,1,33,149,84,23.0,13.0,.257,.494,.363,.856,.358,
Frazier, Adam,624428,2019,28,554,608,154,104,33,7,10,75,40,12.3,6.6,.278,.417,.334,.751,.320,
Puig, Yasiel,624577,2019,29,555,611,148,92,30,2,24,133,44,21.8,7.2,.267,.458,.327,.785,.330,
Soler, Jorge,624585,2019,27,589,679,156,74,33,1,48,178,73,26.2,10.8,.265,.569,.352,.921,.378,
Meadows, Austin,640457,2019,24,530,591,154,85,29,7,33,131,54,22.2,9.1,.291,.558,.364,.922,.380,
Anderson, Tim,641313,2019,26,498,518,167,117,32,0,18,109,15,21.0,2.9,.335,.508,.357,.865,.363,
Bellinger, Cody,641355,2019,24,558,661,170,86,34,3,47,108,95,16.3,14.4,.305,.629,.405,1.034,.414,
Dozier, Hunter,641531,2019,28,523,586,146,81,29,10,26,148,55,25.3,9.4,.279,.522,.348,.870,.360,
Mancini III, Trey,641820,2019,27,602,679,175,100,38,2,35,143,63,21.1,9.3,.291,.535,.364,.899,.373,
McMahon, Ryan,641857,2019,25,480,539,120,73,22,1,24,160,56,29.7,10.4,.250,.450,.328,.778,.330,
Rosario, Amed,642708,2019,24,616,655,177,125,30,7,15,124,31,18.9,4.7,.287,.432,.322,.754,.318,
Adames, Willy,642715,2019,24,531,584,135,89,25,1,20,153,46,26.2,7.9,.254,.418,.315,.733,.313,
Benintendi, Andrew,643217,2019,25,541,615,144,86,40,5,13,140,59,22.8,9.6,.266,.431,.341,.772,.330,
McNeil, Jeff,643446,2019,27,510,567,162,100,38,1,23,75,35,13.2,6.2,.318,.531,.384,.916,.384,
Albies, Ozzie,645277,2019,22,640,702,189,114,43,8,24,112,54,16.0,7.7,.295,.500,.352,.852,.354,
Robles, Victor,645302,2019,22,546,617,139,86,33,3,17,140,35,22.7,5.7,.255,.419,.323,.742,.317,
Devers, Rafael,646240,2019,23,647,702,201,111,54,4,32,119,48,17.0,6.8,.311,.555,.360,.915,.377,
Jimenez, Eloy,650391,2019,23,468,504,125,74,18,2,31,134,30,26.6,6.0,.267,.513,.315,.828,.343,
Torres, Gleyber,650402,2019,23,546,604,152,88,26,0,38,129,48,21.4,7.9,.278,.535,.336,.871,.358,
Chapman, Matt,656305,2019,26,583,670,145,70,36,3,36,147,73,21.9,10.9,.249,.506,.342,.848,.354,
Hoskins, Rhys,656555,2019,26,570,705,129,62,33,5,29,173,116,24.5,16.5,.226,.454,.363,.818,.347,
Schwarber, Kyle,656941,2019,26,529,610,132,62,29,3,38,156,70,25.6,11.5,.250,.531,.339,.871,.357,
DeJong, Paul,657557,2019,26,583,664,136,74,31,1,30,149,62,22.4,9.3,.233,.444,.318,.762,.322,
Moncada, Yoan,660162,2019,24,511,559,161,97,34,5,25,154,40,27.5,7.2,.315,.548,.367,.915,.379,
Acuna Jr., Ronald,660670,2019,22,626,715,175,110,22,2,41,188,76,26.3,10.6,.280,.518,.364,.881,.369,
Fletcher, David,664058,2019,25,596,653,173,133,30,4,6,64,55,9.8,8.4,.290,.384,.349,.733,.318,
Guerrero Jr., Vladimir,665489,2019,20,464,514,126,83,26,2,15,91,46,17.7,8.9,.272,.433,.339,.772,.329,
Soto, Juan,665742,2019,21,542,659,153,82,32,5,34,132,108,20.0,16.4,.282,.548,.401,.949,.394,
Reynolds, Bryan,668804,2019,24,491,546,154,97,37,4,16,121,46,22.2,8.4,.314,.503,.377,.880,.371,
Cabrera, Miguel,408234,2020,37,204,231,51,37,4,0,10,51,24,22.1,10.4,.250,.417,.329,.746,.323,
Cruz Jr., Nelson,443558,2020,40,185,214,56,34,6,0,16,58,25,27.1,11.7,.303,.595,.397,.992,.411,
Peralta, David,444482,2020,33,203,218,61,45,10,1,5,45,13,20.6,6.0,.300,.433,.339,.773,.333,
Longoria, Evan,446334,2020,35,193,209,49,31,10,1,7,39,11,18.7,5.3,.254,.425,.297,.722,.308,
Cabrera, Asdrubal,452678,2020,35,190,213,46,26,9,3,8,40,19,18.8,8.9,.242,.447,.305,.753,.319,
Blackmon, Charlie,453568,2020,34,221,247,67,48,12,1,6,44,19,17.8,7.7,.303,.448,.356,.804,.340,
Solano, Donovan,456781,2020,33,190,203,62,43,15,1,3,39,10,19.2,4.9,.326,.463,.365,.828,.357,
McCutchen, Andrew,457705,2020,34,217,241,55,36,9,0,10,48,22,19.9,9.1,.253,.433,.324,.757,.327,
Votto, Joey,458015,2020,37,186,223,42,23,8,0,11,43,37,19.3,16.6,.226,.446,.354,.800,.347,
Santana, Carlos,467793,2020,34,206,255,41,26,7,0,8,43,47,16.9,18.4,.199,.350,.349,.699,.316,
Brantley Jr., Michael,488726,2020,33,170,187,51,31,15,0,5,28,17,15.0,9.1,.300,.476,.364,.840,.362,
Gurriel, Yuli,493329,2020,36,211,230,49,30,12,1,6,27,12,11.7,5.2,.232,.384,.274,.658,.281,
Escobar, Eduardo,500871,2020,31,203,222,43,29,7,3,4,41,15,18.5,6.8,.212,.335,.270,.605,.257,
Martinez, J.D.,502110,2020,33,211,237,45,22,16,0,7,59,22,24.9,9.3,.213,.389,.291,.680,.290,
Reddick, Josh,502210,2020,33,188,210,46,30,11,1,4,42,20,20.0,9.5,.245,.378,.314,.692,.304,
Goldschmidt, Paul,502671,2020,33,191,231,58,39,13,0,6,43,37,18.6,16.0,.304,.466,.416,.882,.387,
Gonzalez, Marwin,503556,2020,31,175,199,37,28,4,0,5,41,17,20.6,8.5,.211,.320,.286,.606,.269,
Altuve, Jose,514888,2020,30,192,210,42,28,9,0,5,39,17,18.6,8.1,.219,.344,.286,.629,.278,
Hernandez, Cesar,514917,2020,30,233,261,66,43,20,0,3,57,24,21.8,9.2,.283,.408,.352,.760,.335,
Segura, Jean,516416,2020,30,192,217,51,37,5,2,7,45,23,20.7,10.6,.266,.422,.346,.767,.333,
Marte, Starling,516782,2020,32,228,250,64,43,14,1,6,41,12,16.4,4.8,.281,.430,.340,.770,.333,
Freeman, Freddie,518692,2020,31,214,262,73,36,23,1,13,37,45,14.1,17.2,.341,.640,.462,1.102,.456,
Grandal, Yasmani,518735,2020,32,161,194,37,22,7,0,8,58,30,29.9,15.5,.230,.422,.351,.773,.338,
LeMahieu, DJ,518934,2020,32,195,216,71,49,10,2,10,21,18,9.7,8.3,.364,.590,.421,1.011,.429,
Rizzo, Anthony,519203,2020,31,203,243,45,28,6,0,11,38,28,15.6,11.5,.222,.414,.342,.755,.326,
Flores, Wilmer,527038,2020,29,198,213,53,29,11,1,12,36,13,16.9,6.1,.268,.515,.315,.830,.347,
Garcia, Avisail,541645,2020,29,181,207,43,31,10,0,2,49,20,23.7,9.7,.238,.326,.333,.659,.296,
Ozuna, Marcell,542303,2020,30,228,267,77,45,14,0,18,60,38,22.5,14.2,.338,.636,.431,1.067,.444,
Villar, Jonathan,542340,2020,29,185,207,43,36,5,0,2,54,19,26.1,9.2,.232,.292,.300,.591,.266,
Aguilar, Jesus,542583,2020,30,188,216,52,34,10,0,8,40,23,18.5,10.6,.277,.457,.352,.809,.347,
Crawford, Brandon,543063,2020,33,172,193,44,24,12,0,8,47,15,24.4,7.8,.256,.465,.326,.792,.334,
Grossman, Robbie,543257,2020,31,166,192,40,18,12,2,8,38,21,19.8,10.9,.241,.482,.344,.826,.351,
Hicks, Aaron,543305,2020,31,169,211,38,20,10,2,6,38,41,18.0,19.4,.225,.414,.379,.793,.351,
Rendon, Anthony,543685,2020,30,189,232,54,33,11,1,9,31,38,13.4,16.4,.286,.497,.418,.915,.395,
Semien, Marcus,543760,2020,30,211,236,47,30,9,1,7,50,25,21.2,10.6,.223,.374,.305,.679,.299,
Springer III, George,543807,2020,31,189,222,50,28,6,2,14,38,24,17.1,10.8,.265,.540,.356,.896,.379,
Vazquez, Christian,543877,2020,30,173,189,49,33,9,0,7,43,16,22.8,8.5,.283,.457,.344,.801,.346,
Wong, Kolten,543939,2020,30,181,208,48,41,4,2,1,30,20,14.4,9.6,.265,.326,.346,.672,.305,
Gregorius, Didi,544369,2020,30,215,237,61,39,10,2,10,28,15,11.8,6.3,.284,.488,.338,.826,.348,
Grichuk, Randal,545341,2020,29,216,231,59,38,9,0,12,49,13,21.2,5.6,.273,.481,.312,.793,.334,
Trout, Mike,545361,2020,29,199,241,56,28,9,2,17,56,35,23.2,14.5,.281,.603,.390,.993,.407,
Ruiz, Rio,547004,2020,26,185,204,41,21,11,0,9,46,17,22.5,8.3,.222,.427,.284,.711,.303,
Harper, Bryce,547180,2020,28,190,244,51,27,9,2,13,43,49,17.6,20.1,.268,.542,.418,.960,.400,
Abreu, Jose,547989,2020,33,240,262,76,42,15,0,19,59,18,22.5,6.9,.317,.617,.370,.987,.411,
Suarez, Eugenio,553993,2020,29,198,231,40,17,8,0,15,67,30,29.0,13.0,.202,.470,.312,.781,.332,
Gonzalez, Erik,570481,2020,29,181,193,41,24,13,1,3,51,8,26.4,4.1,.227,.359,.254,.613,.262,
Arenado, Nolan,571448,2020,29,182,201,46,29,9,0,8,20,15,10.0,7.5,.253,.434,.303,.738,.308,
Muncy, Max,571970,2020,30,203,248,39,23,4,0,12,60,39,24.2,15.7,.192,.389,.331,.720,.316,
Myers, Wil,571976,2020,30,198,218,57,26,14,2,15,56,18,25.7,8.3,.288,.606,.353,.959,.400,
Pollock, AJ,572041,2020,33,196,210,54,29,9,0,16,45,12,21.4,5.7,.276,.566,.314,.881,.364,
Seager, Kyle,572122,2020,33,203,248,49,28,12,0,9,33,32,13.3,12.9,.241,.433,.355,.788,.338,
Voit III, Luke,572228,2020,29,213,234,59,32,5,0,22,54,17,23.1,7.3,.277,.610,.338,.948,.393,
Walker, Christian,572233,2020,29,218,243,59,33,18,1,7,50,19,20.6,7.8,.271,.459,.333,.792,.339,
Dickerson, Corey,572816,2020,31,194,210,50,37,5,1,7,35,15,16.7,7.1,.258,.402,.310,.712,.308,
Yastrzemski, Mike,573262,2020,30,192,225,57,29,14,4,10,55,30,24.4,13.3,.297,.568,.400,.968,.407,
Contreras, Willson,575929,2020,28,189,225,46,29,10,0,7,57,20,25.3,8.9,.243,.407,.356,.763,.336,
Canha, Mark,592192,2020,31,191,243,47,28,12,2,5,54,37,22.2,15.2,.246,.408,.387,.795,.351,
Castellanos, Nick,592206,2020,28,218,242,49,22,11,2,14,69,19,28.5,7.9,.225,.486,.298,.784,.329,
Machado, Manny,592518,2020,28,224,254,68,39,12,1,16,37,26,14.6,10.2,.304,.580,.370,.950,.391,
Moran, Colin,592567,2020,28,178,200,44,24,10,0,10,52,19,26.0,9.5,.247,.472,.325,.797,.340,
Realmuto, J.T.,592663,2020,29,173,195,46,29,6,0,11,48,16,24.6,8.2,.266,.491,.349,.840,.361,
Rosario, Eddie,592696,2020,29,210,231,54,34,7,0,13,34,19,14.7,8.2,.257,.476,.316,.792,.333,
Yelich, Christian,592885,2020,29,200,247,41,21,7,1,12,76,46,30.8,18.6,.205,.430,.356,.786,.343,
Merrifield, Whit,593160,2020,31,248,265,70,49,12,0,9,33,12,12.5,4.5,.282,.440,.325,.764,.329,
Bogaerts, Xander,593428,2020,28,203,225,61,42,8,0,11,41,21,18.2,9.3,.300,.502,.364,.867,.368,
Alberto, Hanser,593643,2020,28,219,231,62,44,15,0,3,30,5,13.0,2.2,.283,.393,.303,.696,.301,
Polanco, Jorge,593871,2020,27,209,226,54,42,8,0,4,35,13,15.5,5.8,.258,.354,.301,.655,.289,
Sano, Miguel,593934,2020,27,186,205,38,13,12,0,13,90,18,43.9,8.8,.204,.478,.278,.757,.317,
Calhoun, Kole,594777,2020,33,190,228,43,18,9,0,16,50,28,21.9,12.3,.226,.526,.338,.864,.362,
Duvall, Adam,594807,2020,32,190,209,45,21,8,0,16,54,15,25.8,7.2,.237,.532,.301,.833,.348,
Profar, Jurickson,595777,2020,27,180,202,50,37,6,0,7,28,15,13.9,7.4,.278,.428,.342,.769,.335,
Baez, Javier,595879,2020,28,222,235,45,27,9,1,8,75,7,31.9,3.0,.203,.360,.238,.599,.256,
Lindor, Francisco,596019,2020,27,236,266,61,40,13,0,8,41,24,15.4,9.0,.258,.415,.335,.750,.324,
Story, Trevor,596115,2020,28,235,259,68,40,13,4,11,63,24,24.3,9.3,.289,.519,.355,.874,.370,
Kepler, Max,596146,2020,27,171,196,39,21,9,0,9,36,22,18.4,11.2,.228,.439,.321,.760,.328,
Franco, Maikel,596748,2020,28,223,243,62,38,16,0,8,38,16,15.6,6.6,.278,.457,.321,.778,.329,
Bradley Jr., Jackie,598265,2020,30,191,217,54,36,11,0,7,48,23,22.1,10.6,.283,.450,.364,.814,.352,
La Stella, Tommy,600303,2020,31,196,228,55,34,14,2,5,12,27,5.3,11.8,.281,.449,.368,.817,.355,
Nunez, Renato,600524,2020,26,195,216,50,28,10,0,12,64,17,29.6,7.9,.256,.492,.324,.816,.347,
Candelario, Jeimer,600869,2020,27,185,206,55,34,11,3,7,49,20,23.8,9.7,.297,.503,.369,.872,.373,
Ahmed, Nick,605113,2020,30,199,217,53,37,10,1,5,46,18,21.2,8.3,.266,.402,.327,.729,.318,
Anderson, Brian,605119,2020,27,200,229,51,32,7,1,11,66,22,28.8,9.6,.255,.465,.345,.810,.348,
Bell, Josh,605137,2020,28,195,223,44,33,3,0,8,59,22,26.5,9.9,.226,.364,.305,.669,.286,
Betts, Mookie,605141,2020,28,219,246,64,38,9,1,16,38,24,15.4,9.8,.292,.562,.366,.927,.390,
Davis, J.D.,605204,2020,27,190,229,47,32,9,0,6,56,31,24.5,13.5,.247,.389,.371,.761,.339,
Arcia, Orlando,606115,2020,26,173,189,45,29,10,1,5,32,14,16.9,7.4,.260,.416,.317,.734,.317,
Tapia, Raimel,606132,2020,26,184,206,59,48,8,2,1,38,14,18.4,6.8,.321,.402,.364,.766,.338,
Hernandez, Teoscar,606192,2020,28,190,207,55,32,7,0,16,63,14,30.4,6.8,.289,.579,.338,.917,.384,
Marte, Ketel,606466,2020,27,181,195,52,35,14,1,2,21,7,10.8,3.6,.287,.409,.323,.732,.316,
Nimmo, Brandon,607043,2020,27,186,225,52,33,8,3,8,43,33,19.1,14.7,.280,.484,.404,.888,.387,
Turner, Trea,607208,2020,27,233,259,78,47,15,4,12,36,22,13.9,8.5,.335,.588,.394,.982,.413,
Pillar, Kevin,607680,2020,31,208,223,60,39,12,3,6,41,13,18.4,5.8,.288,.462,.336,.798,.341,
Ramirez, Jose,608070,2020,28,219,254,64,30,16,1,17,43,31,16.9,12.2,.292,.607,.386,.993,.415,
Gallo, Joey,608336,2020,27,193,226,35,17,8,0,10,79,29,35.0,12.8,.181,.378,.301,.679,.297,
Seager, Corey,608369,2020,26,212,232,65,37,12,1,15,37,17,15.9,7.3,.307,.585,.358,.943,.394,
Mondesi, Adalberto,609275,2020,25,219,233,56,36,11,3,6,70,11,30.0,4.7,.256,.416,.292,.707,.305,
Reyes, Franmil,614177,2020,25,211,241,58,39,10,0,9,69,24,28.6,10.0,.275,.450,.344,.795,.341,
Swanson, Dansby,621020,2020,26,237,264,65,40,15,0,10,71,22,26.9,8.3,.274,.464,.345,.809,.348,
Taylor, Chris,621035,2020,30,185,214,50,30,10,2,8,55,26,25.7,12.1,.270,.476,.364,.840,.364,
Correa, Carlos,621043,2020,26,201,221,53,39,9,0,5,49,16,22.2,7.2,.264,.383,.326,.709,.309,
Olson, Matt,621566,2020,26,210,245,41,22,4,1,14,77,34,31.4,13.9,.195,.424,.310,.734,.316,
Reyes, Victor,622682,2020,26,202,213,56,43,7,2,4,45,9,21.1,4.2,.277,.391,.315,.706,.307,
Alonso, Pete,624413,2020,26,208,239,48,26,6,0,16,61,24,25.5,10.0,.231,.490,.326,.817,.342,
Biggio, Cavan,624415,2020,25,220,265,55,31,16,0,8,61,41,23.0,15.5,.250,.432,.374,.805,.355,
Conforto, Michael,624424,2020,27,202,233,65,44,12,0,9,57,24,24.5,10.3,.322,.515,.412,.927,.401,
Frazier, Adam,624428,2020,29,209,230,48,34,7,0,7,35,17,15.2,7.4,.230,.364,.296,.659,.291,
Cronenworth, Jake,630105,2020,26,172,192,49,27,15,3,4,30,18,15.6,9.4,.285,.477,.354,.831,.356,
Anderson, Tim,641313,2020,27,208,221,67,45,11,1,10,50,10,22.6,4.5,.322,.529,.357,.886,.376,
Bellinger, Cody,641355,2020,25,213,243,51,29,10,0,12,42,30,17.3,12.3,.239,.455,.333,.789,.337,
Crawford, J.P.,641487,2020,25,204,232,52,41,7,2,2,39,23,16.8,9.9,.255,.338,.336,.674,.303,
Dozier, Hunter,641531,2020,29,158,186,36,24,4,2,6,48,27,25.8,14.5,.228,.392,.344,.736,.326,
Lewis, Kyle,641786,2020,25,206,242,54,40,3,0,11,71,34,29.3,14.0,.262,.437,.364,.801,.349,
McMahon, Ryan,641857,2020,26,172,193,37,21,6,1,9,66,18,34.2,9.3,.215,.419,.295,.714,.308,
Smith, Dominic,642086,2020,25,177,199,56,24,21,1,10,45,14,22.6,7.0,.316,.616,.377,.993,.412,
Adames, Willy,642715,2020,25,185,205,48,24,15,1,8,74,20,36.1,9.8,.259,.481,.332,.813,.347,
Kiner-Falefa, Isiah,643396,2020,25,211,228,59,49,4,3,3,32,14,14.0,6.1,.280,.370,.329,.699,.307,
McNeil, Jeff,643446,2020,28,183,209,57,39,14,0,4,24,20,11.5,9.6,.311,.454,.383,.836,.360,
Robles, Victor,645302,2020,23,168,189,37,28,5,1,3,53,9,28.0,4.8,.220,.315,.291,.606,.273,
Devers, Rafael,646240,2020,24,232,248,61,33,16,1,11,67,13,27.0,5.2,.263,.483,.310,.793,.337,
Jimenez, Eloy,650391,2020,24,213,226,63,35,14,0,14,56,12,24.8,5.3,.296,.559,.332,.891,.373,
Schwarber, Kyle,656941,2020,27,191,224,36,19,6,0,11,66,30,29.5,13.4,.188,.393,.308,.701,.307,
Verdugo, Alex,657077,2020,24,201,221,62,40,16,0,6,45,17,20.4,7.7,.308,.478,.367,.844,.362,
White, Evan,657108,2020,24,182,202,32,17,7,0,8,84,18,41.6,8.9,.176,.346,.252,.599,.261,
Laureano, Ramon,657656,2020,26,183,222,39,24,8,1,6,58,24,26.1,10.8,.213,.366,.338,.704,.315,
Moncada, Yoan,660162,2020,25,200,231,45,28,8,3,6,72,28,31.2,12.1,.225,.385,.320,.705,.309,
Acuna Jr., Ronald,660670,2020,23,160,202,40,15,11,0,14,60,38,29.7,18.8,.250,.581,.406,.987,.413,
Riley, Austin,663586,2020,23,188,206,45,29,7,1,8,49,16,23.8,7.8,.239,.415,.301,.716,.307,
Tucker, Kyle,663656,2020,23,209,228,56,29,12,6,9,46,18,20.2,7.9,.268,.512,.325,.837,.349,
Grisham, Trent,663757,2020,24,215,252,54,33,8,3,10,64,31,25.4,12.3,.251,.456,.349,.805,.349,
Happ, Ian,664023,2020,26,198,231,51,27,11,1,12,63,30,27.3,13.0,.258,.505,.359,.864,.369,
Lowe, Brandon,664040,2020,26,193,224,52,27,9,2,14,58,25,25.9,11.2,.269,.554,.362,.916,.385,
Fletcher, David,664058,2020,26,207,230,66,50,13,0,3,25,20,10.9,8.7,.319,.425,.374,.799,.350,
Tatis Jr., Fernando,665487,2020,21,224,257,62,32,11,2,17,61,27,23.7,10.5,.277,.571,.366,.937,.392,
Guerrero Jr., Vladimir,665489,2020,21,221,243,58,34,13,2,9,38,20,15.6,8.2,.262,.462,.329,.791,.338,
Soto, Juan,665742,2020,22,154,196,54,27,14,0,13,28,41,14.3,20.9,.351,.695,.490,1.185,.478,
Gurriel Jr., Lourdes,666971,2020,27,208,224,64,39,14,0,11,48,14,21.4,6.3,.308,.534,.348,.882,.372,
Reynolds, Bryan,668804,2020,25,185,208,35,20,6,2,7,57,21,27.4,10.1,.189,.357,.274,.631,.278,
Edman, Tommy,669242,2020,25,204,227,51,38,7,1,5,48,16,21.1,7.0,.250,.368,.317,.685,.302,
Solak, Nick,669256,2020,25,209,233,56,44,10,0,2,42,18,18.0,7.7,.268,.344,.326,.671,.297,
Hiura, Keston,669374,2020,24,217,246,46,29,4,0,13,85,16,34.6,6.5,.212,.410,.297,.707,.304,
Lopez, Nicky,670032,2020,25,169,192,34,25,8,0,1,41,18,21.4,9.4,.201,.266,.281,.548,.254,
Robert, Luis,673357,2020,23,202,227,47,28,8,0,11,73,20,32.2,8.8,.233,.436,.300,.735,.316,
Ortiz, David,120074,2016,41,537,626,169,82,48,1,38,86,80,13.7,12.8,.315,.620,.401,1.021,.420,
Beltre, Adrian,134181,2016,37,583,640,175,111,31,1,32,66,48,10.3,7.5,.300,.521,.358,.879,.371,
Beltran, Carlos,136860,2016,39,552,593,163,101,33,0,29,101,35,17.0,5.9,.295,.513,.337,.850,.358,
Werth, Jayson,150029,2016,37,525,606,128,79,28,0,21,139,71,22.9,11.7,.244,.417,.335,.752,.327,
Martinez, Victor,400121,2016,38,553,610,160,111,22,0,27,90,50,14.8,8.2,.289,.476,.351,.826,.351,
Utley, Chase,400284,2016,38,512,565,129,86,26,3,14,115,40,20.4,7.1,.252,.396,.319,.715,.312,
Pujols, Albert,405395,2016,36,593,650,159,109,19,0,31,75,49,11.5,7.5,.268,.457,.323,.780,.331,
Mauer, Joe,408045,2016,33,494,576,129,92,22,4,11,93,79,16.1,13.7,.261,.389,.363,.752,.327,
Cabrera, Miguel,408234,2016,33,595,679,188,118,31,1,38,116,75,17.1,11.0,.316,.563,.393,.956,.399,
Gonzalez, Adrian,408236,2016,34,568,633,162,113,31,0,18,117,55,18.5,8.7,.285,.435,.349,.784,.334,
Phillips, Brandon,408252,2016,35,550,584,160,114,34,1,11,68,18,11.6,3.1,.291,.416,.318,.735,.315,
Upton Jr., B.J.,425834,2016,32,492,539,117,79,15,3,20,155,37,28.8,6.9,.238,.402,.289,.692,.297,
Molina, Yadier,425877,2016,34,534,581,164,117,38,1,8,63,39,10.8,6.7,.307,.427,.360,.787,.342,
Cano, Robinson,429664,2016,34,655,715,195,121,33,2,39,100,47,14.0,6.6,.298,.533,.350,.882,.370,
Encarnacion, Edwin,429665,2016,33,601,702,158,82,34,0,42,138,87,19.7,12.4,.263,.529,.356,.885,.373,
Bautista, Jose,430832,2016,36,423,517,99,52,24,1,22,103,87,19.9,16.8,.234,.452,.366,.817,.355,
Jones, Adam,430945,2016,31,619,672,164,116,19,0,29,115,39,17.1,5.8,.265,.436,.310,.746,.319,
Martin, Russell,431145,2016,33,455,535,105,69,16,0,20,148,64,27.7,12.0,.231,.398,.335,.732,.322,
Granderson, Curtis,434158,2016,35,545,633,129,70,24,5,30,130,74,20.5,11.7,.237,.464,.335,.799,.339,
Pagan, Angel,434636,2016,35,495,543,137,96,24,5,12,66,42,12.2,7.7,.277,.418,.330,.748,.324,
Ramirez, Hanley,434670,2016,33,549,620,157,98,28,1,30,120,60,19.4,9.7,.286,.505,.361,.866,.367,
Morales, Kendrys,434778,2016,33,558,618,147,93,24,0,30,120,48,19.4,7.8,.263,.468,.327,.795,.339,
Kendrick III, Howie,435062,2016,33,487,543,124,88,26,2,8,96,50,17.7,9.2,.255,.366,.326,.691,.303,
Napoli, Mike,435063,2016,35,557,645,133,76,22,1,34,194,78,30.1,12.1,.239,.465,.335,.800,.343,
Kinsler, Ian,435079,2016,34,618,679,178,117,29,4,28,115,45,16.9,6.6,.288,.484,.348,.831,.356,
Desmond, Ian,435622,2016,31,625,677,178,124,29,3,22,160,44,23.6,6.5,.285,.446,.335,.782,.336,
Cruz Jr., Nelson,443558,2016,36,589,667,169,98,27,1,43,159,62,23.8,9.3,.287,.555,.360,.915,.383,
Trumbo, Mark,444432,2016,30,613,667,157,82,27,1,47,170,51,25.5,7.6,.256,.533,.316,.850,.358,
Escobar, Alcides,444876,2016,30,637,682,166,129,24,6,7,96,27,14.1,4.0,.261,.350,.287,.637,.278,
Prado, Martin,445988,2016,33,600,658,183,135,37,3,8,69,49,10.5,7.4,.305,.417,.359,.775,.335,
Longoria, Evan,446334,2016,31,633,685,173,92,41,4,36,144,42,21.0,6.1,.273,.521,.318,.840,.350,
Cozart, Zack,446359,2016,31,464,508,117,71,28,2,16,84,37,16.5,7.3,.252,.425,.307,.732,.312,
Davis, Chris,448801,2016,30,566,665,125,66,21,0,38,219,88,32.9,13.2,.221,.459,.332,.792,.340,
Zobrist, Ben,450314,2016,35,523,631,142,90,31,3,18,82,96,13.0,15.2,.272,.446,.384,.829,.360,
Fowler, Dexter,451594,2016,30,456,551,126,81,25,7,13,124,79,22.5,14.3,.276,.447,.392,.839,.367,
Headley, Chase,452104,2016,32,467,529,118,85,18,1,14,118,51,22.3,9.6,.253,.385,.331,.716,.312,
Span, Denard,452655,2016,32,572,637,152,113,23,5,11,79,53,12.4,8.3,.266,.381,.328,.709,.312,
Cabrera, Asdrubal,452678,2016,31,521,568,146,92,30,1,23,103,38,18.1,6.7,.280,.474,.336,.810,.345,
Ellsbury, Jacoby,453056,2016,33,551,626,145,107,24,5,9,84,54,13.4,8.6,.263,.374,.321,.695,.308,
Tulowitzki, Troy,453064,2016,32,492,544,125,80,21,0,24,101,43,18.6,7.9,.254,.443,.318,.761,.327,
Blackmon, Charlie,453568,2016,30,578,641,187,118,35,5,29,102,43,15.9,6.7,.324,.552,.379,.931,.394,
Frazier, Todd,453943,2016,30,590,666,133,72,21,0,40,163,64,24.5,9.6,.225,.464,.302,.766,.326,
Markakis, Nick,455976,2016,33,599,684,161,110,38,0,13,101,71,14.8,10.4,.269,.397,.346,.744,.321,
Pedroia, Dustin,456030,2016,33,633,698,201,149,36,1,15,73,61,10.5,8.7,.318,.449,.375,.824,.358,
Nunez, Eduardo,456488,2016,29,553,595,159,115,24,4,16,88,29,14.8,4.9,.288,.432,.324,.757,.324,
McCutchen, Andrew,457705,2016,30,598,675,153,100,26,3,24,143,69,21.2,10.2,.256,.430,.336,.766,.329,
Upton, Justin,457708,2016,29,570,626,140,79,28,2,31,179,50,28.6,8.0,.246,.465,.310,.775,.329,
Turner, Justin,457759,2016,32,556,622,153,89,34,3,27,107,48,17.2,7.7,.275,.493,.339,.832,.353,
Posey III, Buster,457763,2016,29,539,614,155,106,33,2,14,68,64,11.1,10.4,.288,.434,.362,.796,.341,
Espinosa, Danny,457787,2016,29,516,601,108,69,15,0,24,174,54,29.0,9.0,.209,.378,.303,.681,.294,
Bruce, Jay,457803,2016,29,539,589,135,69,27,6,33,126,44,21.4,7.5,.250,.506,.309,.815,.340,
Votto, Joey,458015,2016,33,556,677,181,116,34,2,29,120,108,17.7,16.0,.326,.550,.434,.985,.413,
Gardner, Brett,458731,2016,33,547,634,143,108,22,6,7,106,70,16.7,11.0,.261,.362,.349,.711,.317,
Saunders, Michael,459431,2016,30,490,558,124,65,32,3,24,157,59,28.1,10.6,.253,.478,.337,.814,.348,
Braun, Ryan,460075,2016,33,511,564,156,100,23,3,30,98,46,17.4,8.2,.305,.538,.365,.903,.378,
Gordon, Alex,460086,2016,32,445,506,98,63,16,2,17,148,52,29.2,10.3,.220,.380,.312,.692,.303,
Kemp, Matt,461314,2016,32,623,672,167,93,39,0,35,156,36,23.2,5.4,.268,.499,.304,.803,.333,
Andrus, Elvis,462101,2016,28,506,568,153,107,31,7,8,70,47,12.3,8.3,.302,.439,.359,.798,.344,
Cabrera, Melky,466320,2016,32,591,646,175,114,42,5,14,69,47,10.7,7.3,.296,.455,.344,.799,.342,
Ramos, Wilson,467092,2016,29,482,523,148,101,25,0,22,79,35,15.1,6.7,.307,.496,.354,.850,.361,
Santana, Carlos,467793,2016,30,582,688,151,83,31,3,34,99,99,14.4,14.4,.259,.498,.366,.865,.370,
Gonzalez, Carlos,471865,2016,31,584,632,174,105,42,2,25,129,46,20.4,7.3,.298,.505,.350,.855,.361,
Mercer, Jordy,474568,2016,30,519,584,133,97,22,3,11,83,51,14.2,8.7,.256,.374,.324,.697,.304,
Belt, Brandon,474832,2016,28,542,655,149,83,41,8,17,148,104,22.6,15.9,.275,.474,.394,.868,.374,
Carter, Chris,474892,2016,30,549,644,122,53,27,1,41,206,76,32.0,11.8,.222,.499,.321,.821,.346,
Alonso, Yonder,475174,2016,29,482,532,122,81,34,0,7,74,45,13.9,8.5,.253,.367,.316,.683,.299,
Escobar, Yunel,488862,2016,34,517,567,157,123,28,1,5,67,40,11.8,7.1,.304,.391,.353,.743,.327,
Cespedes, Yoenis,493316,2016,31,479,543,134,77,25,1,31,108,51,19.9,9.4,.280,.530,.354,.884,.369,
Ramirez, Alexei,493351,2016,35,478,506,115,85,22,2,6,63,21,12.5,4.2,.241,.333,.277,.609,.264,
Davis, Khris,501981,2016,29,555,610,137,69,24,2,42,166,42,27.2,6.9,.247,.524,.307,.831,.349,
Martinez, J.D.,502110,2016,29,460,517,141,82,35,2,22,128,49,24.8,9.5,.307,.535,.373,.908,.384,
Valencia, Danny,502143,2016,32,471,517,135,95,22,1,17,115,41,22.2,7.9,.287,.446,.346,.792,.342,
Murphy, Daniel,502517,2016,31,531,582,184,107,47,5,25,57,35,9.8,6.0,.347,.595,.390,.985,.408,
Goldschmidt, Paul,502671,2016,29,579,705,172,112,33,3,24,150,110,21.3,15.6,.297,.489,.410,.899,.382,
Gonzalez, Marwin,503556,2016,27,484,518,123,81,26,3,13,118,22,22.8,4.2,.254,.401,.290,.690,.298,
Altuve, Jose,514888,2016,26,640,717,216,145,42,5,24,70,60,9.8,8.4,.338,.531,.395,.926,.391,
Hernandez, Cesar,514917,2016,26,547,622,161,130,14,11,6,116,66,18.6,10.6,.294,.393,.368,.761,.335,
Segura, Jean,516416,2016,26,637,694,203,135,41,7,20,101,39,14.6,5.6,.319,.499,.366,.865,.371,
Castro, Starlin,516770,2016,26,577,610,156,105,29,1,21,118,24,19.3,3.9,.270,.433,.300,.733,.313,
Marte, Starling,516782,2016,28,489,529,152,104,34,5,9,104,23,19.7,4.3,.311,.456,.361,.817,.351,
Donaldson, Josh,518626,2016,31,577,700,164,90,32,5,37,119,109,17.0,15.6,.284,.549,.403,.952,.403,
Freeman, Freddie,518692,2016,27,589,693,178,95,43,6,34,171,89,24.7,12.8,.302,.569,.400,.968,.402,
Heyward, Jason,518792,2016,27,530,592,122,87,27,1,7,93,54,15.7,9.1,.230,.325,.306,.630,.282,
LeMahieu, DJ,518934,2016,28,552,635,192,141,32,8,11,80,66,12.6,10.4,.348,.495,.411,.906,.391,
Lucroy, Jonathan,518960,2016,30,490,544,143,92,24,3,24,100,47,18.4,8.6,.292,.500,.355,.855,.362,
Moreland, Mitch,519048,2016,31,460,503,107,64,21,0,22,118,35,23.5,7.0,.233,.422,.298,.720,.307,
Rizzo, Anthony,519203,2016,27,583,676,170,91,43,4,32,108,74,16.0,10.9,.292,.544,.385,.928,.391,
Vogt, Stephen,519390,2016,32,490,532,123,77,30,2,14,83,35,15.6,6.6,.251,.406,.305,.711,.305,
Galvis, Freddy,520471,2016,27,584,624,141,92,26,3,20,136,25,21.8,4.0,.241,.399,.271,.670,.284,
Perez, Salvador,521692,2016,26,514,546,127,75,28,2,22,119,22,21.8,4.0,.247,.438,.288,.725,.308,
Forsythe, Logan,523253,2016,29,511,567,135,87,24,4,20,127,46,22.4,8.1,.264,.444,.333,.778,.336,
Inciarte, Ender,542255,2016,26,522,578,152,118,24,7,3,68,45,11.8,7.8,.291,.381,.348,.729,.319,
Ozuna, Marcell,542303,2016,26,557,608,148,96,23,6,23,115,43,18.9,7.1,.266,.452,.321,.773,.330,
Villar, Jonathan,542340,2016,25,589,679,168,108,38,3,19,174,79,25.6,11.6,.285,.457,.367,.823,.356,
Crawford, Brandon,543063,2016,29,553,623,152,101,28,11,12,115,57,18.5,9.1,.275,.430,.342,.772,.327,
Harrison, Josh,543281,2016,29,487,522,138,102,25,7,4,76,18,14.6,3.4,.283,.388,.308,.697,.301,
Hosmer, Eric,543333,2016,27,605,667,161,111,24,1,25,132,57,19.8,8.5,.266,.433,.328,.761,.326,
Kipnis, Jason,543401,2016,29,610,688,168,100,41,4,23,146,60,21.2,8.7,.275,.469,.340,.809,.347,
Miller, Brad,543543,2016,27,548,601,133,68,29,6,30,149,47,24.8,7.8,.243,.482,.304,.786,.333,
Rendon, Anthony,543685,2016,26,567,647,153,93,38,2,20,117,65,18.1,10.0,.270,.450,.348,.797,.342,
Semien, Marcus,543760,2016,26,568,621,135,79,27,2,27,139,51,22.4,8.2,.238,.435,.300,.734,.315,
Shaw, Travis,543768,2016,26,480,530,116,64,34,2,16,133,43,25.1,8.1,.242,.421,.306,.726,.310,
Springer III, George,543807,2016,27,644,744,168,105,29,5,29,178,88,23.9,11.8,.261,.457,.359,.815,.353,
Gregorius, Didi,544369,2016,26,562,597,155,101,32,2,20,82,19,13.7,3.2,.276,.447,.302,.748,.319,
Trout, Mike,545361,2016,25,549,681,173,107,32,5,29,137,116,20.1,17.0,.315,.550,.441,.991,.418,
Herrera, Odubel,546318,2016,25,583,656,167,125,21,6,15,134,63,20.4,9.6,.286,.420,.360,.780,.338,
Harper, Bryce,547180,2016,24,506,627,123,73,24,2,24,117,108,18.7,17.2,.243,.441,.373,.814,.343,
Martin, Leonys,547982,2016,28,518,576,128,93,17,3,15,149,44,25.9,7.6,.247,.378,.304,.682,.298,
Abreu, Jose,547989,2016,29,624,695,183,125,32,1,25,125,47,18.0,6.8,.293,.468,.353,.820,.349,
Suarez, Eugenio,553993,2016,25,565,627,140,92,25,2,21,155,51,24.7,8.1,.248,.411,.317,.728,.316,
Polanco, Gregory,570256,2016,25,527,587,136,76,34,4,22,119,53,20.3,9.0,.258,.463,.322,.785,.331,
Schoop, Jonathan,570731,2016,25,615,647,164,100,38,1,25,137,21,21.2,3.2,.267,.454,.298,.752,.320,
Arenado, Nolan,571448,2016,25,618,696,182,100,35,6,41,103,68,14.8,9.8,.294,.570,.362,.932,.386,
Gennett, Scooter,571697,2016,26,498,542,131,86,30,1,14,114,38,21.0,7.0,.263,.412,.315,.727,.315,
Lamb, Jake,571875,2016,26,523,594,130,61,31,9,29,154,64,25.9,10.8,.249,.509,.332,.840,.352,
Myers, Wil,571976,2016,26,599,676,155,94,29,4,28,160,68,23.7,10.1,.259,.461,.336,.797,.341,
Piscotty, Stephen,572039,2016,25,582,649,159,99,35,3,22,133,51,20.5,7.9,.273,.457,.342,.799,.345,
Seager, Kyle,572122,2016,29,597,676,166,97,36,3,30,108,69,16.0,10.2,.278,.499,.359,.859,.363,
Carpenter, Matt,572761,2016,31,473,566,128,65,36,6,21,108,81,19.1,14.3,.271,.505,.378,.883,.375,
Dickerson, Corey,572816,2016,27,510,548,125,62,36,3,24,134,33,24.5,6.0,.245,.469,.292,.761,.319,
Dozier, Brian,572821,2016,29,615,691,165,83,35,5,42,138,61,20.0,8.8,.268,.546,.339,.885,.370,
Iglesias, Jose,578428,2016,26,467,513,119,89,26,0,4,50,28,9.7,5.5,.255,.336,.302,.638,.283,
Hechavarria, Adeiny,588751,2016,27,508,547,120,94,17,6,3,73,33,13.3,6.0,.236,.311,.282,.593,.256,
Bryant, Kris,592178,2016,24,603,699,176,99,35,3,39,154,75,22.0,10.7,.292,.554,.385,.939,.396,
Machado, Manny,592518,2016,24,640,696,188,110,40,1,37,120,48,17.2,6.9,.294,.533,.343,.876,.366,
Realmuto, J.T.,592663,2016,25,509,545,154,112,31,0,11,100,28,18.3,5.1,.303,.428,.343,.771,.333,
Yelich, Christian,592885,2016,25,578,659,172,110,38,3,21,138,72,20.9,10.9,.298,.483,.376,.859,.367,
Bogaerts, Xander,593428,2016,24,652,719,192,136,34,1,21,123,58,17.1,8.1,.294,.446,.356,.802,.348,
Calhoun, Kole,594777,2016,29,594,672,161,103,35,5,18,118,67,17.6,10.0,.271,.438,.348,.786,.340,
Duvall, Adam,594807,2016,28,552,608,133,63,31,6,33,164,41,27.0,6.7,.241,.498,.296,.794,.333,
Eaton, Adam,594809,2016,28,619,706,176,124,29,9,14,115,63,16.3,8.9,.284,.428,.358,.786,.344,
Lindor, Francisco,596019,2016,23,604,684,182,134,30,3,15,88,57,12.9,8.3,.301,.435,.357,.792,.340,
Odor, Rougned,596059,2016,22,605,632,164,94,33,4,33,135,19,21.4,3.0,.271,.502,.296,.798,.336,
Cuthbert, Cheslor,596144,2016,24,475,510,130,89,28,1,12,96,32,18.8,6.3,.274,.413,.318,.730,.316,
Franco, Maikel,596748,2016,24,581,630,148,99,23,1,25,106,40,16.8,6.3,.255,.427,.306,.733,.311,
Bradley Jr., Jackie,598265,2016,26,558,636,149,86,30,7,26,143,63,22.5,9.9,.267,.486,.349,.835,.354,
Betts, Mookie,605141,2016,24,672,730,214,136,42,5,31,80,49,11.0,6.7,.318,.534,.363,.897,.379,
Panik, Joe,605412,2016,26,464,526,111,73,21,7,10,47,50,8.9,9.5,.239,.379,.314,.693,.300,
Pillar, Kevin,607680,2016,27,548,584,146,102,35,2,7,90,24,15.4,4.1,.266,.376,.301,.677,.295,
Ramirez, Jose,608070,2016,24,565,618,176,116,46,3,11,62,44,10.0,7.1,.312,.462,.362,.824,.355,
Russell, Addison,608365,2016,22,525,598,125,76,25,3,21,135,55,22.6,9.2,.238,.417,.321,.738,.316,
Seager, Corey,608369,2016,22,627,687,193,122,40,5,26,133,54,19.4,7.9,.308,.512,.365,.877,.372,
Mazara, Nomar,608577,2016,21,516,568,137,101,13,3,20,112,39,19.7,6.9,.266,.419,.320,.739,.318,
Garcia, Adonis,611177,2016,31,532,563,145,102,29,0,14,93,24,16.5,4.3,.273,.406,.311,.717,.308,
Correa, Carlos,621043,2016,22,577,660,158,99,36,3,20,139,75,21.1,11.4,.274,.451,.361,.811,.349,
Tomas, Yasmany,630111,2016,26,530,563,144,82,30,1,31,136,31,24.2,5.5,.272,.508,.313,.820,.345,
